mes_compra,p_compra,mes_venta,p_venta,usd,pesos_final,ganancia,error_ganancia,error_ganancia_pct
Ene-2022,822.05,Feb-2022,807.07,1216.55,981751.82,-18248.18,144.86,0.79
Ene-2022,822.05,Mar-2022,799.19,1216.55,972019.46,-27980.54,290.21,1.04
Ene-2022,822.05,Abr-2022,815.12,1216.55,991484.18,-8515.82,206.27,2.42
Ene-2022,822.05,May-2022,849.39,1216.55,1032846.72,32846.72,537.06,1.64
Ene-2022,822.05,Jun-2022,857.77,1216.55,1043795.62,43795.62,343.37,0.78
Ene-2022,822.05,Jul-2022,953.71,1216.55,1160583.94,160583.94,423.50,0.26
Ene-2022,822.05,Ago-2022,904.35,1216.55,1099756.69,99756.69,492.52,0.49
Ene-2022,822.05,Sep-2022,921.01,1216.55,1120437.96,120437.96,80.31,0.07
Ene-2022,822.05,Oct-2022,955.89,1216.55,1163017.03,163017.03,204.57,0.13
Ene-2022,822.05,Nov-2022,917.05,1216.55,1115571.78,115571.78,128.68,0.11
Ene-2022,822.05,Dic-2022,875.66,1216.55,1065693.43,65693.43,478.61,0.73
Ene-2022,822.05,Ene-2023,826.34,1216.55,1004866.18,4866.18,474.57,9.75
Ene-2022,822.05,Feb-2023,798.26,1216.55,970802.92,-29197.08,375.25,1.29
Ene-2022,822.05,Mar-2023,809.50,1216.55,985401.46,-14598.54,668.58,4.58
Ene-2022,822.05,Abr-2023,803.84,1216.55,978102.19,-21897.81,254.18,1.16
Ene-2022,822.05,May-2023,798.64,1216.55,972019.46,-27980.54,497.28,1.78
Ene-2022,822.05,Jun-2023,799.87,1216.55,973236.01,-26763.99,217.37,0.81
Ene-2022,822.05,Jul-2023,813.40,1216.55,989051.09,-10948.91,546.54,4.99
Ene-2022,822.05,Ago-2023,855.66,1216.55,1041362.53,41362.53,477.13,1.15
Ene-2022,822.05,Sep-2023,884.40,1216.55,1075425.79,75425.79,551.81,0.73
Ene-2022,822.05,Oct-2023,926.35,1216.55,1126520.68,126520.68,494.15,0.39
Ene-2022,822.05,Nov-2023,886.61,1216.55,1079075.43,79075.43,540.29,0.68
Ene-2022,822.05,Dic-2023,874.67,1216.55,1064476.89,64476.89,466.36,0.72
Ene-2022,822.05,Ene-2024,907.99,1216.55,1104622.87,104622.87,79.35,0.08
Ene-2022,822.05,Feb-2024,963.44,1216.55,1171532.85,171532.85,606.29,0.35
Ene-2022,822.05,Mar-2024,967.93,1216.55,1177615.57,177615.57,156.79,0.09
Ene-2022,822.05,Abr-2024,960.14,1216.55,1167883.21,167883.21,241.33,0.14
Ene-2022,822.05,May-2024,917.88,1216.55,1116788.32,116788.32,213.93,0.18
Ene-2022,822.05,Jun-2024,926.08,1216.55,1126520.68,126520.68,165.83,0.13
Ene-2022,822.05,Jul-2024,937.56,1216.55,1141119.22,141119.22,604.94,0.43
Ene-2022,822.05,Ago-2024,929.90,1216.55,1131386.86,131386.86,190.48,0.14
Ene-2022,822.05,Sep-2024,926.21,1216.55,1126520.68,126520.68,323.94,0.26
Ene-2022,822.05,Oct-2024,933.81,1216.55,1136253.04,136253.04,300.30,0.22
Ene-2022,822.05,Nov-2024,971.60,1216.55,1182481.75,182481.75,558.74,0.31
Ene-2022,822.05,Dic-2024,982.30,1216.55,1194647.20,194647.20,437.51,0.22
Ene-2022,822.05,Ene-2025,1000.76,1216.55,1216545.01,216545.01,997.87,0.46
Ene-2022,822.05,Feb-2025,956.62,1216.55,1164233.58,164233.58,533.28,0.32
Ene-2022,822.05,Mar-2025,932.55,1216.55,1135036.50,135036.50,616.75,0.46
Ene-2022,822.05,Abr-2025,961.96,1216.55,1170316.30,170316.30,119.85,0.07
Ene-2022,822.05,May-2025,941.01,1216.55,1144768.86,144768.86,81.79,0.06
Ene-2022,822.05,Jun-2025,938.04,1216.55,1141119.22,141119.22,118.07,0.08
Ene-2022,822.05,Jul-2025,951.55,1216.55,1158150.85,158150.85,618.15,0.39
Ene-2022,822.05,Ago-2025,966.30,1216.55,1175182.48,175182.48,436.33,0.25
Ene-2022,822.05,Sep-2025,960.37,1216.55,1167883.21,167883.21,520.98,0.31
Ene-2022,822.05,Oct-2025,953.97,1216.55,1160583.94,160583.94,107.09,0.07
Ene-2022,822.05,Nov-2025,935.70,1216.55,1138686.13,138686.13,434.34,0.31
Ene-2022,822.05,Dic-2025,916.16,1216.55,1114355.23,114355.23,262.39,0.23
Feb-2022,807.07,Mar-2022,799.19,1239.16,990086.74,-9913.26,321.26,3.24
Feb-2022,807.07,Abr-2022,815.12,1239.16,1009913.26,9913.26,236.27,2.38
Feb-2022,807.07,May-2022,849.39,1239.16,1052044.61,52044.61,574.30,1.10
Feb-2022,807.07,Jun-2022,857.77,1239.16,1063197.03,63197.03,377.30,0.60
Feb-2022,807.07,Jul-2022,953.71,1239.16,1182156.13,182156.13,462.00,0.25
Feb-2022,807.07,Ago-2022,904.35,1239.16,1120198.27,120198.27,530.70,0.44
Feb-2022,807.07,Sep-2022,921.01,1239.16,1141263.94,141263.94,111.38,0.08
Feb-2022,807.07,Oct-2022,955.89,1239.16,1184634.45,184634.45,239.07,0.13
Feb-2022,807.07,Nov-2022,917.05,1239.16,1136307.31,136307.31,160.51,0.12
Feb-2022,807.07,Dic-2022,875.66,1239.16,1085501.86,85501.86,515.63,0.60
Feb-2022,807.07,Ene-2023,826.34,1239.16,1023543.99,23543.99,509.92,2.17
Feb-2022,807.07,Feb-2023,798.26,1239.16,988847.58,-11152.42,407.84,3.66
Feb-2022,807.07,Mar-2023,809.50,1239.16,1003717.47,3717.47,707.02,19.02
Feb-2022,807.07,Abr-2023,803.84,1239.16,996282.53,-3717.47,284.72,7.66
Feb-2022,807.07,May-2023,798.64,1239.16,990086.74,-9913.26,532.17,5.37
Feb-2022,807.07,Jun-2023,799.87,1239.16,991325.90,-8674.10,247.10,2.85
Feb-2022,807.07,Jul-2023,813.40,1239.16,1007434.94,7434.94,582.80,7.84
Feb-2022,807.07,Ago-2023,855.66,1239.16,1060718.71,60718.71,513.48,0.85
Feb-2022,807.07,Sep-2023,884.40,1239.16,1095415.12,95415.12,590.45,0.62
Feb-2022,807.07,Oct-2023,926.35,1239.16,1147459.73,147459.73,533.06,0.36
Feb-2022,807.07,Nov-2023,886.61,1239.16,1099132.59,99132.59,578.82,0.58
Feb-2022,807.07,Dic-2023,874.67,1239.16,1084262.70,84262.70,503.12,0.60
Feb-2022,807.07,Ene-2024,907.99,1239.16,1125154.89,125154.89,109.98,0.09
Feb-2022,807.07,Feb-2024,963.44,1239.16,1193308.55,193308.55,648.48,0.34
Feb-2022,807.07,Mar-2024,967.93,1239.16,1199504.34,199504.34,190.78,0.10
Feb-2022,807.07,Abr-2024,960.14,1239.16,1189591.08,189591.08,276.63,0.15
Feb-2022,807.07,May-2024,917.88,1239.16,1137546.47,137546.47,247.38,0.18
Feb-2022,807.07,Jun-2024,926.08,1239.16,1147459.73,147459.73,198.65,0.13
Feb-2022,807.07,Jul-2024,937.56,1239.16,1162329.62,162329.62,646.30,0.40
Feb-2022,807.07,Ago-2024,929.90,1239.16,1152416.36,152416.36,223.88,0.15
Feb-2022,807.07,Sep-2024,926.21,1239.16,1147459.73,147459.73,359.69,0.24
Feb-2022,807.07,Oct-2024,933.81,1239.16,1157372.99,157372.99,335.87,0.21
Feb-2022,807.07,Nov-2024,971.60,1239.16,1204460.97,204460.97,600.33,0.29
Feb-2022,807.07,Dic-2024,982.30,1239.16,1216852.54,216852.54,477.18,0.22
Feb-2022,807.07,Ene-2025,1000.76,1239.16,1239157.37,239157.37,1048.52,0.44
Feb-2022,807.07,Feb-2025,956.62,1239.16,1185873.61,185873.61,573.92,0.31
Feb-2022,807.07,Mar-2025,932.55,1239.16,1156133.83,156133.83,658.17,0.42
Feb-2022,807.07,Abr-2025,961.96,1239.16,1192069.39,192069.39,152.96,0.08
Feb-2022,807.07,May-2025,941.01,1239.16,1166047.09,166047.09,113.53,0.07
Feb-2022,807.07,Jun-2025,938.04,1239.16,1162329.62,162329.62,150.38,0.09
Feb-2022,807.07,Jul-2025,951.55,1239.16,1179677.82,179677.82,660.20,0.37
Feb-2022,807.07,Ago-2025,966.30,1239.16,1197026.02,197026.02,475.45,0.24
Feb-2022,807.07,Sep-2025,960.37,1239.16,1189591.08,189591.08,561.49,0.30
Feb-2022,807.07,Oct-2025,953.97,1239.16,1182156.13,182156.13,139.71,0.08
Feb-2022,807.07,Nov-2025,935.70,1239.16,1159851.30,159851.30,472.46,0.30
Feb-2022,807.07,Dic-2025,916.16,1239.16,1135068.15,135068.15,296.68,0.22
Mar-2022,799.19,Abr-2022,815.12,1251.56,1020025.03,20025.03,392.67,1.96
Mar-2022,799.19,May-2022,849.39,1251.56,1062578.22,62578.22,740.50,1.18
Mar-2022,799.19,Jun-2022,857.77,1251.56,1073842.30,73842.30,543.23,0.74
Mar-2022,799.19,Jul-2022,953.71,1251.56,1193992.49,193992.49,646.92,0.33
Mar-2022,799.19,Ago-2022,904.35,1251.56,1131414.27,131414.27,706.86,0.54
Mar-2022,799.19,Sep-2022,921.01,1251.56,1152690.86,152690.86,286.56,0.19
Mar-2022,799.19,Oct-2022,955.89,1251.56,1196495.62,196495.62,422.14,0.21
Mar-2022,799.19,Nov-2022,917.05,1251.56,1147684.61,147684.61,335.43,0.23
Mar-2022,799.19,Dic-2022,875.66,1251.56,1096370.46,96370.46,686.35,0.71
Mar-2022,799.19,Ene-2023,826.34,1251.56,1033792.24,33792.24,671.13,1.99
Mar-2022,799.19,Feb-2023,798.26,1251.56,998748.44,-1251.56,562.74,44.96
Mar-2022,799.19,Mar-2023,809.50,1251.56,1013767.21,13767.21,867.18,6.30
Mar-2022,799.19,Abr-2023,803.84,1251.56,1006257.82,6257.82,439.52,7.02
Mar-2022,799.19,May-2023,798.64,1251.56,1000000.00,0.00,688.51,inf
Mar-2022,799.19,Jun-2023,799.87,1251.56,1001251.56,1251.56,400.77,32.02
Mar-2022,799.19,Jul-2023,813.40,1251.56,1017521.90,17521.90,742.29,4.24
Mar-2022,799.19,Ago-2023,855.66,1251.56,1071339.17,71339.17,680.40,0.95
Mar-2022,799.19,Sep-2023,884.40,1251.56,1106382.98,106382.98,763.43,0.72
Mar-2022,799.19,Oct-2023,926.35,1251.56,1158948.69,158948.69,713.41,0.45
Mar-2022,799.19,Nov-2023,886.61,1251.56,1110137.67,110137.67,752.25,0.68
Mar-2022,799.19,Dic-2023,874.67,1251.56,1095118.90,95118.90,673.53,0.71
Mar-2022,799.19,Ene-2024,907.99,1251.56,1136420.53,136420.53,282.69,0.21
Mar-2022,799.19,Feb-2024,963.44,1251.56,1205256.57,205256.57,836.98,0.41
Mar-2022,799.19,Mar-2024,967.93,1251.56,1211514.39,211514.39,375.64,0.18
Mar-2022,799.19,Abr-2024,960.14,1251.56,1201501.88,201501.88,460.84,0.23
Mar-2022,799.19,May-2024,917.88,1251.56,1148936.17,148936.17,423.36,0.28
Mar-2022,799.19,Jun-2024,926.08,1251.56,1158948.69,158948.69,375.65,0.24
Mar-2022,799.19,Jul-2024,937.56,1251.56,1173967.46,173967.46,830.05,0.48
Mar-2022,799.19,Ago-2024,929.90,1251.56,1163954.94,163954.94,401.89,0.25
Mar-2022,799.19,Sep-2024,926.21,1251.56,1158948.69,158948.69,538.30,0.34
Mar-2022,799.19,Oct-2024,933.81,1251.56,1168961.20,168961.20,515.76,0.31
Mar-2022,799.19,Nov-2024,971.60,1251.56,1216520.65,216520.65,790.05,0.36
Mar-2022,799.19,Dic-2024,982.30,1251.56,1229036.30,229036.30,667.55,0.29
Mar-2022,799.19,Ene-2025,1000.76,1251.56,1251564.46,251564.46,1248.01,0.50
Mar-2022,799.19,Feb-2025,956.62,1251.56,1197747.18,197747.18,760.54,0.38
Mar-2022,799.19,Mar-2025,932.55,1251.56,1167709.64,167709.64,841.09,0.50
Mar-2022,799.19,Abr-2025,961.96,1251.56,1204005.01,204005.01,336.31,0.16
Mar-2022,799.19,May-2025,941.01,1251.56,1177722.15,177722.15,292.51,0.16
Mar-2022,799.19,Jun-2025,938.04,1251.56,1173967.46,173967.46,329.16,0.19
Mar-2022,799.19,Jul-2025,951.55,1251.56,1191489.36,191489.36,846.74,0.44
Mar-2022,799.19,Ago-2025,966.30,1251.56,1209011.26,209011.26,662.78,0.32
Mar-2022,799.19,Sep-2025,960.37,1251.56,1201501.88,201501.88,748.55,0.37
Mar-2022,799.19,Oct-2025,953.97,1251.56,1193992.49,193992.49,321.41,0.17
Mar-2022,799.19,Nov-2025,935.70,1251.56,1171464.33,171464.33,654.09,0.38
Mar-2022,799.19,Dic-2025,916.16,1251.56,1146433.04,146433.04,472.77,0.32
Abr-2022,815.12,May-2022,849.39,1226.99,1041717.79,41717.79,631.67,1.51
Abr-2022,815.12,Jun-2022,857.77,1226.99,1052760.74,52760.74,437.27,0.83
Abr-2022,815.12,Jul-2022,953.71,1226.99,1170552.15,170552.15,528.26,0.31
Abr-2022,815.12,Ago-2022,904.35,1226.99,1109202.45,109202.45,592.58,0.54
Abr-2022,815.12,Sep-2022,921.01,1226.99,1130061.35,130061.35,178.63,0.14
Abr-2022,815.12,Oct-2022,955.89,1226.99,1173006.13,173006.13,307.67,0.18
Abr-2022,815.12,Nov-2022,917.05,1226.99,1125153.37,125153.37,226.99,0.18
Abr-2022,815.12,Dic-2022,875.66,1226.99,1074846.63,74846.63,575.58,0.77
Abr-2022,815.12,Ene-2023,826.34,1226.99,1013496.93,13496.93,566.21,4.20
Abr-2022,815.12,Feb-2023,798.26,1226.99,979141.10,-20858.90,463.06,2.22
Abr-2022,815.12,Mar-2023,809.50,1226.99,993865.03,-6134.97,760.19,12.39
Abr-2022,815.12,Abr-2023,803.84,1226.99,986503.07,-13496.93,341.59,2.53
Abr-2022,815.12,May-2023,798.64,1226.99,980368.10,-19631.90,586.24,2.99
Abr-2022,815.12,Jun-2023,799.87,1226.99,981595.09,-18404.91,304.04,1.65
Abr-2022,815.12,Jul-2023,813.40,1226.99,997546.01,-2453.99,637.41,25.97
Abr-2022,815.12,Ago-2023,855.66,1226.99,1050306.75,50306.75,571.97,1.14
Abr-2022,815.12,Sep-2023,884.40,1226.99,1084662.58,84662.58,650.26,0.77
Abr-2022,815.12,Oct-2023,926.35,1226.99,1136196.32,136196.32,596.55,0.44
Abr-2022,815.12,Nov-2023,886.61,1226.99,1088343.56,88343.56,638.96,0.72
Abr-2022,815.12,Dic-2023,874.67,1226.99,1073619.63,73619.63,563.12,0.76
Abr-2022,815.12,Ene-2024,907.99,1226.99,1114110.43,114110.43,176.29,0.15
Abr-2022,815.12,Feb-2024,963.44,1226.99,1181595.09,181595.09,713.58,0.39
Abr-2022,815.12,Mar-2024,967.93,1226.99,1187730.06,187730.06,260.75,0.14
Abr-2022,815.12,Abr-2024,960.14,1226.99,1177914.11,177914.11,345.16,0.19
Abr-2022,815.12,May-2024,917.88,1226.99,1126380.37,126380.37,313.08,0.25
Abr-2022,815.12,Jun-2024,926.08,1226.99,1136196.32,136196.32,265.42,0.19
Abr-2022,815.12,Jul-2024,937.56,1226.99,1150920.25,150920.25,709.57,0.47
Abr-2022,815.12,Ago-2024,929.90,1226.99,1141104.29,141104.29,290.70,0.21
Abr-2022,815.12,Sep-2024,926.21,1226.99,1136196.32,136196.32,424.88,0.31
Abr-2022,815.12,Oct-2024,933.81,1226.99,1146012.27,146012.27,401.89,0.28
Abr-2022,815.12,Nov-2024,971.60,1226.99,1192638.04,192638.04,666.58,0.35
Abr-2022,815.12,Dic-2024,982.30,1226.99,1204907.98,204907.98,545.37,0.27
Abr-2022,815.12,Ene-2025,1000.76,1226.99,1226993.87,226993.87,1112.44,0.49
Abr-2022,815.12,Feb-2025,956.62,1226.99,1174233.13,174233.13,639.31,0.37
Abr-2022,815.12,Mar-2025,932.55,1226.99,1144785.28,144785.28,720.95,0.50
Abr-2022,815.12,Abr-2025,961.96,1226.99,1180368.10,180368.10,222.85,0.12
Abr-2022,815.12,May-2025,941.01,1226.99,1154601.23,154601.23,182.25,0.12
Abr-2022,815.12,Jun-2025,938.04,1226.99,1150920.25,150920.25,218.51,0.14
Abr-2022,815.12,Jul-2025,951.55,1226.99,1168098.16,168098.16,724.37,0.43
Abr-2022,815.12,Ago-2025,966.30,1226.99,1185276.07,185276.07,542.48,0.29
Abr-2022,815.12,Sep-2025,960.37,1226.99,1177914.11,177914.11,627.22,0.35
Abr-2022,815.12,Oct-2025,953.97,1226.99,1170552.15,170552.15,209.14,0.12
Abr-2022,815.12,Nov-2025,935.70,1226.99,1148466.26,148466.26,537.29,0.36
Abr-2022,815.12,Dic-2025,916.16,1226.99,1123926.38,123926.38,361.75,0.29
May-2022,849.39,Jun-2022,857.77,1177.86,1010600.71,10600.71,735.00,6.93
May-2022,849.39,Jul-2022,953.71,1177.86,1123674.91,123674.91,857.62,0.69
May-2022,849.39,Ago-2022,904.35,1177.86,1064782.10,64782.10,900.99,1.39
May-2022,849.39,Sep-2022,921.01,1177.86,1084805.65,84805.65,509.87,0.60
May-2022,849.39,Oct-2022,955.89,1177.86,1126030.62,126030.62,646.60,0.51
May-2022,849.39,Nov-2022,917.05,1177.86,1080094.23,80094.23,554.82,0.69
May-2022,849.39,Dic-2022,875.66,1177.86,1031802.12,31802.12,874.38,2.75
May-2022,849.39,Ene-2023,826.34,1177.86,972909.31,-27090.69,847.02,3.13
May-2022,849.39,Feb-2023,798.26,1177.86,939929.33,-60070.67,737.71,1.23
May-2022,849.39,Mar-2023,809.50,1177.86,954063.60,-45936.40,1027.35,2.24
May-2022,849.39,Abr-2023,803.84,1177.86,946996.47,-53003.53,623.31,1.18
May-2022,849.39,May-2023,798.64,1177.86,941107.18,-58892.82,856.33,1.45
May-2022,849.39,Jun-2023,799.87,1177.86,942285.04,-57714.96,585.80,1.01
May-2022,849.39,Jul-2023,813.40,1177.86,957597.17,-42402.83,910.59,2.15
May-2022,849.39,Ago-2023,855.66,1177.86,1008244.99,8244.99,863.57,10.47
May-2022,849.39,Sep-2023,884.40,1177.86,1041224.97,41224.97,949.01,2.30
May-2022,849.39,Oct-2023,926.35,1177.86,1090694.94,90694.94,912.89,1.01
May-2022,849.39,Nov-2023,886.61,1177.86,1044758.54,44758.54,939.27,2.10
May-2022,849.39,Dic-2023,874.67,1177.86,1030624.26,30624.26,862.05,2.81
May-2022,849.39,Ene-2024,907.99,1177.86,1069493.52,69493.52,502.84,0.72
May-2022,849.39,Feb-2024,963.44,1177.86,1134275.62,134275.62,1038.83,0.77
May-2022,849.39,Mar-2024,967.93,1177.86,1140164.90,140164.90,605.97,0.43
May-2022,849.39,Abr-2024,960.14,1177.86,1130742.05,130742.05,684.06,0.52
May-2022,849.39,May-2024,917.88,1177.86,1081272.08,81272.08,637.83,0.78
May-2022,849.39,Jun-2024,926.08,1177.86,1090694.94,90694.94,595.02,0.66
May-2022,849.39,Jul-2024,937.56,1177.86,1104829.21,104829.21,1025.79,0.98
May-2022,849.39,Ago-2024,929.90,1177.86,1095406.36,95406.36,620.76,0.65
May-2022,849.39,Sep-2024,926.21,1177.86,1090694.94,90694.94,748.09,0.82
May-2022,849.39,Oct-2024,933.81,1177.86,1100117.79,100117.79,728.96,0.73
May-2022,849.39,Nov-2024,971.60,1177.86,1144876.33,144876.33,997.01,0.69
May-2022,849.39,Dic-2024,982.30,1177.86,1156654.89,156654.89,884.33,0.56
May-2022,849.39,Ene-2025,1000.76,1177.86,1177856.30,177856.30,1435.31,0.81
May-2022,849.39,Feb-2025,956.62,1177.86,1127208.48,127208.48,965.32,0.76
May-2022,849.39,Mar-2025,932.55,1177.86,1098939.93,98939.93,1034.87,1.05
May-2022,849.39,Abr-2025,961.96,1177.86,1133097.76,133097.76,567.38,0.43
May-2022,849.39,May-2025,941.01,1177.86,1108362.78,108362.78,520.69,0.48
May-2022,849.39,Jun-2025,938.04,1177.86,1104829.21,104829.21,554.40,0.53
May-2022,849.39,Jul-2025,951.55,1177.86,1121319.20,121319.20,1045.14,0.86
May-2022,849.39,Ago-2025,966.30,1177.86,1137809.19,137809.19,875.68,0.64
May-2022,849.39,Sep-2025,960.37,1177.86,1130742.05,130742.05,954.82,0.73
May-2022,849.39,Oct-2025,953.97,1177.86,1123674.91,123674.91,551.28,0.45
May-2022,849.39,Nov-2025,935.70,1177.86,1102473.50,102473.50,859.67,0.84
May-2022,849.39,Dic-2025,916.16,1177.86,1078916.37,78916.37,683.81,0.87
Jun-2022,857.77,Jul-2022,953.71,1165.50,1111888.11,111888.11,636.24,0.57
Jun-2022,857.77,Ago-2022,904.35,1165.50,1053613.05,53613.05,690.28,1.29
Jun-2022,857.77,Sep-2022,921.01,1165.50,1073426.57,73426.57,299.48,0.41
Jun-2022,857.77,Oct-2022,955.89,1165.50,1114219.11,114219.11,426.98,0.37
Jun-2022,857.77,Nov-2022,917.05,1165.50,1068764.57,68764.57,344.85,0.50
Jun-2022,857.77,Dic-2022,875.66,1165.50,1020979.02,20979.02,670.19,3.19
Jun-2022,857.77,Ene-2023,826.34,1165.50,962703.96,-37296.04,654.24,1.75
Jun-2022,857.77,Feb-2023,798.26,1165.50,930069.93,-69930.07,552.32,0.79
Jun-2022,857.77,Mar-2023,809.50,1165.50,944055.94,-55944.06,836.25,1.49
Jun-2022,857.77,Abr-2023,803.84,1165.50,937062.94,-62937.06,437.78,0.70
Jun-2022,857.77,May-2023,798.64,1165.50,931235.43,-68764.57,669.47,0.97
Jun-2022,857.77,Jun-2023,799.87,1165.50,932400.93,-67599.07,401.55,0.59
Jun-2022,857.77,Jul-2023,813.40,1165.50,947552.45,-52447.55,720.05,1.37
Jun-2022,857.77,Ago-2023,855.66,1165.50,997669.00,-2331.00,663.94,28.48
Jun-2022,857.77,Sep-2023,884.40,1165.50,1030303.03,30303.03,742.25,2.45
Jun-2022,857.77,Oct-2023,926.35,1165.50,1079254.08,79254.08,697.16,0.88
Jun-2022,857.77,Nov-2023,886.61,1165.50,1033799.53,33799.53,731.95,2.17
Jun-2022,857.77,Dic-2023,874.67,1165.50,1019813.52,19813.52,658.21,3.32
Jun-2022,857.77,Ene-2024,907.99,1165.50,1058275.06,58275.06,295.42,0.51
Jun-2022,857.77,Feb-2024,963.44,1165.50,1122377.62,122377.62,813.54,0.66
Jun-2022,857.77,Mar-2024,967.93,1165.50,1128205.13,128205.13,384.10,0.30
Jun-2022,857.77,Abr-2024,960.14,1165.50,1118881.12,118881.12,463.16,0.39
Jun-2022,857.77,May-2024,917.88,1165.50,1069930.07,69930.07,426.77,0.61
Jun-2022,857.77,Jun-2024,926.08,1165.50,1079254.08,79254.08,382.62,0.48
Jun-2022,857.77,Jul-2024,937.56,1165.50,1093240.09,93240.09,806.20,0.86
Jun-2022,857.77,Ago-2024,929.90,1165.50,1083916.08,83916.08,407.20,0.49
Jun-2022,857.77,Sep-2024,926.21,1165.50,1079254.08,79254.08,534.09,0.67
Jun-2022,857.77,Oct-2024,933.81,1165.50,1088578.09,88578.09,513.38,0.58
Jun-2022,857.77,Nov-2024,971.60,1165.50,1132867.13,132867.13,770.16,0.58
Jun-2022,857.77,Dic-2024,982.30,1165.50,1144522.14,144522.14,656.43,0.45
Jun-2022,857.77,Ene-2025,1000.76,1165.50,1165501.17,165501.17,1197.62,0.72
Jun-2022,857.77,Feb-2025,956.62,1165.50,1115384.62,115384.62,742.14,0.64
Jun-2022,857.77,Mar-2025,932.55,1165.50,1087412.59,87412.59,816.30,0.93
Jun-2022,857.77,Abr-2025,961.96,1165.50,1121212.12,121212.12,347.26,0.29
Jun-2022,857.77,May-2025,941.01,1165.50,1096736.60,96736.60,305.73,0.32
Jun-2022,857.77,Jun-2025,938.04,1165.50,1093240.09,93240.09,339.76,0.36
Jun-2022,857.77,Jul-2025,951.55,1165.50,1109557.11,109557.11,822.24,0.75
Jun-2022,857.77,Ago-2025,966.30,1165.50,1125874.13,125874.13,651.43,0.52
Jun-2022,857.77,Sep-2025,960.37,1165.50,1118881.12,118881.12,731.08,0.61
Jun-2022,857.77,Oct-2025,953.97,1165.50,1111888.11,111888.11,333.10,0.30
Jun-2022,857.77,Nov-2025,935.70,1165.50,1090909.09,90909.09,642.28,0.71
Jun-2022,857.77,Dic-2025,916.16,1165.50,1067599.07,67599.07,472.71,0.70
Jul-2022,953.71,Ago-2022,904.35,1048.22,947589.10,-52410.90,654.87,1.25
Jul-2022,953.71,Sep-2022,921.01,1048.22,965408.81,-34591.19,304.04,0.88
Jul-2022,953.71,Oct-2022,955.89,1048.22,1002096.44,2096.44,420.03,20.04
Jul-2022,953.71,Nov-2022,917.05,1048.22,961215.93,-38784.07,344.69,0.89
Jul-2022,953.71,Dic-2022,875.66,1048.22,918238.99,-81761.01,635.75,0.78
Jul-2022,953.71,Ene-2023,826.34,1048.22,865828.09,-134171.91,619.52,0.46
Jul-2022,953.71,Feb-2023,798.26,1048.22,836477.99,-163522.01,526.80,0.32
Jul-2022,953.71,Mar-2023,809.50,1048.22,849056.60,-150943.40,782.61,0.52
Jul-2022,953.71,Abr-2023,803.84,1048.22,842767.30,-157232.70,424.01,0.27
Jul-2022,953.71,May-2023,798.64,1048.22,837526.21,-162473.79,632.20,0.39
Jul-2022,953.71,Jun-2023,799.87,1048.22,838574.42,-161425.58,391.28,0.24
Jul-2022,953.71,Jul-2023,813.40,1048.22,852201.26,-147798.74,678.21,0.46
Jul-2022,953.71,Ago-2023,855.66,1048.22,897274.63,-102725.37,629.38,0.61
Jul-2022,953.71,Sep-2023,884.40,1048.22,926624.74,-73375.26,700.86,0.96
Jul-2022,953.71,Oct-2023,926.35,1048.22,970649.90,-29350.10,661.89,2.26
Jul-2022,953.71,Nov-2023,886.61,1048.22,929769.39,-70230.61,691.71,0.98
Jul-2022,953.71,Dic-2023,874.67,1048.22,917190.78,-82809.22,624.94,0.75
Jul-2022,953.71,Ene-2024,907.99,1048.22,951781.97,-48218.03,299.90,0.62
Jul-2022,953.71,Feb-2024,963.44,1048.22,1009433.96,9433.96,767.95,8.14
Jul-2022,953.71,Mar-2024,967.93,1048.22,1014675.05,14675.05,381.92,2.60
Jul-2022,953.71,Abr-2024,960.14,1048.22,1006289.31,6289.31,452.72,7.20
Jul-2022,953.71,May-2024,917.88,1048.22,962264.15,-37735.85,418.40,1.11
Jul-2022,953.71,Jun-2024,926.08,1048.22,970649.90,-29350.10,379.00,1.29
Jul-2022,953.71,Jul-2024,937.56,1048.22,983228.51,-16771.49,760.41,4.53
Jul-2022,953.71,Ago-2024,929.90,1048.22,974842.77,-25157.23,401.26,1.60
Jul-2022,953.71,Sep-2024,926.21,1048.22,970649.90,-29350.10,515.23,1.76
Jul-2022,953.71,Oct-2024,933.81,1048.22,979035.64,-20964.36,496.90,2.37
Jul-2022,953.71,Nov-2024,971.60,1048.22,1018867.92,18867.92,729.27,3.87
Jul-2022,953.71,Dic-2024,982.30,1048.22,1029350.10,29350.10,627.37,2.14
Jul-2022,953.71,Ene-2025,1000.76,1048.22,1048218.03,48218.03,1114.78,2.31
Jul-2022,953.71,Feb-2025,956.62,1048.22,1003144.65,3144.65,703.51,22.37
Jul-2022,953.71,Mar-2025,932.55,1048.22,977987.42,-22012.58,769.31,3.49
Jul-2022,953.71,Abr-2025,961.96,1048.22,1008385.74,8385.74,348.56,4.16
Jul-2022,953.71,May-2025,941.01,1048.22,986373.17,-13626.83,310.41,2.28
Jul-2022,953.71,Jun-2025,938.04,1048.22,983228.51,-16771.49,340.90,2.03
Jul-2022,953.71,Jul-2025,951.55,1048.22,997903.56,-2096.44,775.36,36.98
Jul-2022,953.71,Ago-2025,966.30,1048.22,1012578.62,12578.62,622.27,4.95
Jul-2022,953.71,Sep-2025,960.37,1048.22,1006289.31,6289.31,693.68,11.03
Jul-2022,953.71,Oct-2025,953.97,1048.22,1000000.00,-0.00,335.52,288212227517720.44
Jul-2022,953.71,Nov-2025,935.70,1048.22,981132.08,-18867.92,612.90,3.25
Jul-2022,953.71,Dic-2025,916.16,1048.22,960167.71,-39832.29,459.65,1.15
Ago-2022,904.35,Sep-2022,921.01,1106.19,1018805.31,18805.31,405.36,2.16
Ago-2022,904.35,Oct-2022,955.89,1106.19,1057522.12,57522.12,530.98,0.92
Ago-2022,904.35,Nov-2022,917.05,1106.19,1014380.53,14380.53,447.89,3.11
Ago-2022,904.35,Dic-2022,875.66,1106.19,969026.55,-30973.45,751.28,2.43
Ago-2022,904.35,Ene-2023,826.34,1106.19,913716.81,-86283.19,729.58,0.85
Ago-2022,904.35,Feb-2023,798.26,1106.19,882743.36,-117256.64,629.15,0.54
Ago-2022,904.35,Mar-2023,809.50,1106.19,896017.70,-103982.30,900.21,0.87
Ago-2022,904.35,Abr-2023,803.84,1106.19,889380.53,-110619.47,521.23,0.47
Ago-2022,904.35,May-2023,798.64,1106.19,883849.56,-116150.44,740.48,0.64
Ago-2022,904.35,Jun-2023,799.87,1106.19,884955.75,-115044.25,486.32,0.42
Ago-2022,904.35,Jul-2023,813.40,1106.19,899336.28,-100663.72,790.32,0.79
Ago-2022,904.35,Ago-2023,855.66,1106.19,946902.65,-53097.35,742.72,1.40
Ago-2022,904.35,Sep-2023,884.40,1106.19,977876.11,-22123.89,820.73,3.71
Ago-2022,904.35,Oct-2023,926.35,1106.19,1024336.28,24336.28,783.46,3.22
Ago-2022,904.35,Nov-2023,886.61,1106.19,981194.69,-18805.31,811.35,4.31
Ago-2022,904.35,Dic-2023,874.67,1106.19,967920.35,-32079.65,739.78,2.31
Ago-2022,904.35,Ene-2024,907.99,1106.19,1004424.78,4424.78,399.79,9.04
Ago-2022,904.35,Feb-2024,963.44,1106.19,1065265.49,65265.49,898.78,1.38
Ago-2022,904.35,Mar-2024,967.93,1106.19,1070796.46,70796.46,491.86,0.69
Ago-2022,904.35,Abr-2024,960.14,1106.19,1061946.90,61946.90,565.84,0.91
Ago-2022,904.35,May-2024,917.88,1106.19,1015486.73,15486.73,525.77,3.39
Ago-2022,904.35,Jun-2024,926.08,1106.19,1024336.28,24336.28,484.92,1.99
Ago-2022,904.35,Jul-2024,937.56,1106.19,1037610.62,37610.62,888.53,2.36
Ago-2022,904.35,Ago-2024,929.90,1106.19,1028761.06,28761.06,508.78,1.77
Ago-2022,904.35,Sep-2024,926.21,1106.19,1024336.28,24336.28,628.69,2.58
Ago-2022,904.35,Oct-2024,933.81,1106.19,1033185.84,33185.84,610.08,1.84
Ago-2022,904.35,Nov-2024,971.60,1106.19,1075221.24,75221.24,858.79,1.14
Ago-2022,904.35,Dic-2024,982.30,1106.19,1086283.19,86283.19,752.17,0.87
Ago-2022,904.35,Ene-2025,1000.76,1106.19,1106194.69,106194.69,1268.19,1.19
Ago-2022,904.35,Feb-2025,956.62,1106.19,1058628.32,58628.32,830.23,1.42
Ago-2022,904.35,Mar-2025,932.55,1106.19,1032079.65,32079.65,897.46,2.80
Ago-2022,904.35,Abr-2025,961.96,1106.19,1064159.29,64159.29,456.10,0.71
Ago-2022,904.35,May-2025,941.01,1106.19,1040929.20,40929.20,413.92,1.01
Ago-2022,904.35,Jun-2025,938.04,1106.19,1037610.62,37610.62,445.82,1.19
Ago-2022,904.35,Jul-2025,951.55,1106.19,1053097.35,53097.35,905.59,1.71
Ago-2022,904.35,Ago-2025,966.30,1106.19,1068584.07,68584.07,745.32,1.09
Ago-2022,904.35,Sep-2025,960.37,1106.19,1061946.90,61946.90,820.13,1.32
Ago-2022,904.35,Oct-2025,953.97,1106.19,1055309.73,55309.73,441.61,0.80
Ago-2022,904.35,Nov-2025,935.70,1106.19,1035398.23,35398.23,732.68,2.07
Ago-2022,904.35,Dic-2025,916.16,1106.19,1013274.34,13274.34,569.12,4.29
Sep-2022,921.01,Oct-2022,955.89,1085.78,1038002.17,38002.17,130.72,0.34
Sep-2022,921.01,Nov-2022,917.05,1085.78,995656.89,-4343.11,65.10,1.50
Sep-2022,921.01,Dic-2022,875.66,1085.78,951140.07,-48859.93,379.63,0.78
Sep-2022,921.01,Ene-2023,826.34,1085.78,896851.25,-103148.75,378.75,0.37
Sep-2022,921.01,Feb-2023,798.26,1085.78,866449.51,-133550.49,291.62,0.22
Sep-2022,921.01,Mar-2023,809.50,1085.78,879478.83,-120521.17,552.77,0.46
Sep-2022,921.01,Abr-2023,803.84,1085.78,872964.17,-127035.83,183.24,0.14
Sep-2022,921.01,May-2023,798.64,1085.78,867535.29,-132464.71,400.48,0.30
Sep-2022,921.01,Jun-2023,799.87,1085.78,868621.06,-131378.94,150.61,0.11
Sep-2022,921.01,Jul-2023,813.40,1085.78,882736.16,-117263.84,443.68,0.38
Sep-2022,921.01,Ago-2023,855.66,1085.78,929424.54,-70575.46,379.40,0.54
Sep-2022,921.01,Sep-2023,884.40,1085.78,959826.28,-40173.72,444.54,1.11
Sep-2022,921.01,Oct-2023,926.35,1085.78,1005428.88,5428.88,390.79,7.20
Sep-2022,921.01,Nov-2023,886.61,1085.78,963083.60,-36916.40,434.10,1.18
Sep-2022,921.01,Dic-2023,874.67,1085.78,950054.29,-49945.71,368.76,0.74
Sep-2022,921.01,Ene-2024,907.99,1085.78,985884.91,-14115.09,21.56,0.15
Sep-2022,921.01,Feb-2024,963.44,1085.78,1045602.61,45602.61,488.88,1.07
Sep-2022,921.01,Mar-2024,967.93,1085.78,1051031.49,51031.49,87.42,0.17
Sep-2022,921.01,Abr-2024,960.14,1085.78,1042345.28,42345.28,163.30,0.39
Sep-2022,921.01,May-2024,917.88,1085.78,996742.67,-3257.33,141.13,4.33
Sep-2022,921.01,Jun-2024,926.08,1085.78,1005428.88,5428.88,97.77,1.80
Sep-2022,921.01,Jul-2024,937.56,1085.78,1018458.20,18458.20,489.02,2.65
Sep-2022,921.01,Ago-2024,929.90,1085.78,1009771.99,9771.99,119.55,1.22
Sep-2022,921.01,Sep-2024,926.21,1085.78,1005428.88,5428.88,238.88,4.40
Sep-2022,921.01,Oct-2024,933.81,1085.78,1014115.09,14115.09,217.35,1.54
Sep-2022,921.01,Nov-2024,971.60,1085.78,1055374.59,55374.59,445.95,0.81
Sep-2022,921.01,Dic-2024,982.30,1085.78,1066232.36,66232.36,337.21,0.51
Sep-2022,921.01,Ene-2025,1000.76,1085.78,1085776.33,85776.33,836.35,0.98
Sep-2022,921.01,Feb-2025,956.62,1085.78,1039087.95,39087.95,424.04,1.08
Sep-2022,921.01,Mar-2025,932.55,1085.78,1013029.32,13029.32,499.83,3.84
Sep-2022,921.01,Abr-2025,961.96,1085.78,1044516.83,44516.83,54.77,0.12
Sep-2022,921.01,May-2025,941.01,1085.78,1021715.53,21715.53,21.95,0.10
Sep-2022,921.01,Jun-2025,938.04,1085.78,1018458.20,18458.20,54.49,0.30
Sep-2022,921.01,Jul-2025,951.55,1085.78,1033659.07,33659.07,500.05,1.49
Sep-2022,921.01,Ago-2025,966.30,1085.78,1048859.93,48859.93,337.02,0.69
Sep-2022,921.01,Sep-2025,960.37,1085.78,1042345.28,42345.28,412.90,0.98
Sep-2022,921.01,Oct-2025,953.97,1085.78,1035830.62,35830.62,43.82,0.12
Sep-2022,921.01,Nov-2025,935.70,1085.78,1016286.64,16286.64,336.87,2.07
Sep-2022,921.01,Dic-2025,916.16,1085.78,994571.12,-5428.88,184.49,3.40
Oct-2022,955.89,Nov-2022,917.05,1046.03,959205.02,-40794.98,162.68,0.40
Oct-2022,955.89,Dic-2022,875.66,1046.03,916317.99,-83682.01,461.23,0.55
Oct-2022,955.89,Ene-2023,826.34,1046.03,864016.74,-135983.26,454.93,0.33
Oct-2022,955.89,Feb-2023,798.26,1046.03,834728.03,-165271.97,367.94,0.22
Oct-2022,955.89,Mar-2023,809.50,1046.03,847280.33,-152719.67,620.84,0.41
Oct-2022,955.89,Abr-2023,803.84,1046.03,841004.18,-158995.82,264.18,0.17
Oct-2022,955.89,May-2023,798.64,1046.03,835774.06,-164225.94,472.92,0.29
Oct-2022,955.89,Jun-2023,799.87,1046.03,836820.08,-163179.92,232.30,0.14
Oct-2022,955.89,Jul-2023,813.40,1046.03,850418.41,-149581.59,516.07,0.35
Oct-2022,955.89,Ago-2023,855.66,1046.03,895397.49,-104602.51,458.83,0.44
Oct-2022,955.89,Sep-2023,884.40,1046.03,924686.19,-75313.81,524.63,0.70
Oct-2022,955.89,Oct-2023,926.35,1046.03,968619.25,-31380.75,477.44,1.52
Oct-2022,955.89,Nov-2023,886.61,1046.03,927824.27,-72175.73,514.90,0.71
Oct-2022,955.89,Dic-2023,874.67,1046.03,915271.97,-84728.03,450.64,0.53
Oct-2022,955.89,Ene-2024,907.99,1046.03,949790.79,-50209.21,119.76,0.24
Oct-2022,955.89,Feb-2024,963.44,1046.03,1007322.18,7322.18,575.96,7.87
Oct-2022,955.89,Mar-2024,967.93,1046.03,1012552.30,12552.30,189.75,1.51
Oct-2022,955.89,Abr-2024,960.14,1046.03,1004184.10,4184.10,261.98,6.26
Oct-2022,955.89,May-2024,917.88,1046.03,960251.05,-39748.95,236.04,0.59
Oct-2022,955.89,Jun-2024,926.08,1046.03,968619.25,-31380.75,195.14,0.62
Oct-2022,955.89,Jul-2024,937.56,1046.03,981171.55,-18828.45,573.38,3.05
Oct-2022,955.89,Ago-2024,929.90,1046.03,972803.35,-27196.65,216.56,0.80
Oct-2022,955.89,Sep-2024,926.21,1046.03,968619.25,-31380.75,331.08,1.06
Oct-2022,955.89,Oct-2024,933.81,1046.03,976987.45,-23012.55,311.21,1.35
Oct-2022,955.89,Nov-2024,971.60,1046.03,1016736.40,16736.40,535.58,3.20
Oct-2022,955.89,Dic-2024,982.30,1046.03,1027196.65,27196.65,431.92,1.59
Oct-2022,955.89,Ene-2025,1000.76,1046.03,1046025.10,46025.10,914.75,1.99
Oct-2022,955.89,Feb-2025,956.62,1046.03,1001046.03,1046.03,512.84,49.03
Oct-2022,955.89,Mar-2025,932.55,1046.03,975941.42,-24058.58,583.25,2.42
Oct-2022,955.89,Abr-2025,961.96,1046.03,1006276.15,6276.15,157.64,2.51
Oct-2022,955.89,May-2025,941.01,1046.03,984309.62,-15690.38,123.73,0.79
Oct-2022,955.89,Jun-2025,938.04,1046.03,981171.55,-18828.45,154.75,0.82
Oct-2022,955.89,Jul-2025,951.55,1046.03,995815.90,-4184.10,585.53,13.99
Oct-2022,955.89,Ago-2025,966.30,1046.03,1010460.25,10460.25,429.99,4.11
Oct-2022,955.89,Sep-2025,960.37,1046.03,1004184.10,4184.10,502.44,12.01
Oct-2022,955.89,Oct-2025,953.97,1046.03,997907.95,-2092.05,146.22,6.99
Oct-2022,955.89,Nov-2025,935.70,1046.03,979079.50,-20920.50,426.58,2.04
Oct-2022,955.89,Dic-2025,916.16,1046.03,958159.00,-41841.00,277.60,0.66
Nov-2022,917.05,Dic-2022,875.66,1090.51,955288.99,-44711.01,423.00,0.95
Nov-2022,917.05,Ene-2023,826.34,1090.51,900763.36,-99236.64,419.73,0.42
Nov-2022,917.05,Feb-2023,798.26,1090.51,870229.01,-129770.99,330.89,0.25
Nov-2022,917.05,Mar-2023,809.50,1090.51,883315.16,-116684.84,593.75,0.51
Nov-2022,917.05,Abr-2023,803.84,1090.51,876772.08,-123227.92,222.32,0.18
Nov-2022,917.05,May-2023,798.64,1090.51,871319.52,-128680.48,440.27,0.34
Nov-2022,917.05,Jun-2023,799.87,1090.51,872410.03,-127589.97,189.36,0.15
Nov-2022,917.05,Jul-2023,813.40,1090.51,886586.70,-113413.30,484.33,0.43
Nov-2022,917.05,Ago-2023,855.66,1090.51,933478.74,-66521.26,421.82,0.63
Nov-2022,917.05,Sep-2023,884.40,1090.51,964013.09,-35986.91,488.57,1.36
Nov-2022,917.05,Oct-2023,926.35,1090.51,1009814.61,9814.61,436.59,4.45
Nov-2022,917.05,Nov-2023,886.61,1090.51,967284.62,-32715.38,478.23,1.46
Nov-2022,917.05,Dic-2023,874.67,1090.51,954198.47,-45801.53,412.03,0.90
Nov-2022,917.05,Ene-2024,907.99,1090.51,990185.39,-9814.61,64.89,0.66
Nov-2022,917.05,Feb-2024,963.44,1090.51,1050163.58,50163.58,536.86,1.07
Nov-2022,917.05,Mar-2024,967.93,1090.51,1055616.14,55616.14,133.90,0.24
Nov-2022,917.05,Abr-2024,960.14,1090.51,1046892.04,46892.04,209.73,0.45
Nov-2022,917.05,May-2024,917.88,1090.51,1001090.51,1090.51,185.46,17.01
Nov-2022,917.05,Jun-2024,926.08,1090.51,1009814.61,9814.61,142.29,1.45
Nov-2022,917.05,Jul-2024,937.56,1090.51,1022900.76,22900.76,535.82,2.34
Nov-2022,917.05,Ago-2024,929.90,1090.51,1014176.66,14176.66,164.36,1.16
Nov-2022,917.05,Sep-2024,926.21,1090.51,1009814.61,9814.61,284.01,2.89
Nov-2022,917.05,Oct-2024,933.81,1090.51,1018538.71,18538.71,262.77,1.42
Nov-2022,917.05,Nov-2024,971.60,1090.51,1059978.19,59978.19,494.18,0.82
Nov-2022,917.05,Dic-2024,982.30,1090.51,1070883.32,70883.32,385.44,0.54
Nov-2022,917.05,Ene-2025,1000.76,1090.51,1090512.54,90512.54,887.62,0.98
Nov-2022,917.05,Feb-2025,956.62,1090.51,1043620.50,43620.50,471.46,1.08
Nov-2022,917.05,Mar-2025,932.55,1090.51,1017448.20,17448.20,546.44,3.13
Nov-2022,917.05,Abr-2025,961.96,1090.51,1049073.06,49073.06,100.82,0.21
Nov-2022,917.05,May-2025,941.01,1090.51,1026172.30,26172.30,66.85,0.26
Nov-2022,917.05,Jun-2025,938.04,1090.51,1022900.76,22900.76,99.39,0.43
Nov-2022,917.05,Jul-2025,951.55,1090.51,1038167.94,38167.94,547.57,1.43
Nov-2022,917.05,Ago-2025,966.30,1090.51,1053435.11,53435.11,384.49,0.72
Nov-2022,917.05,Sep-2025,960.37,1090.51,1046892.04,46892.04,460.41,0.98
Nov-2022,917.05,Oct-2025,953.97,1090.51,1040348.96,40348.96,89.44,0.22
Nov-2022,917.05,Nov-2025,935.70,1090.51,1020719.74,20719.74,382.91,1.85
Nov-2022,917.05,Dic-2025,916.16,1090.51,998909.49,-1090.51,228.91,20.99
Dic-2022,875.66,Ene-2023,826.34,1141.55,942922.37,-57077.63,754.08,1.32
Dic-2022,875.66,Feb-2023,798.26,1141.55,910958.90,-89041.10,650.41,0.73
Dic-2022,875.66,Mar-2023,809.50,1141.55,924657.53,-75342.47,930.15,1.23
Dic-2022,875.66,Abr-2023,803.84,1141.55,917808.22,-82191.78,539.05,0.66
Dic-2022,875.66,May-2023,798.64,1141.55,912100.46,-87899.54,765.29,0.87
Dic-2022,875.66,Jun-2023,799.87,1141.55,913242.01,-86757.99,503.02,0.58
Dic-2022,875.66,Jul-2023,813.40,1141.55,928082.19,-71917.81,816.75,1.14
Dic-2022,875.66,Ago-2023,855.66,1141.55,977168.95,-22831.05,767.70,3.36
Dic-2022,875.66,Sep-2023,884.40,1141.55,1009132.42,9132.42,848.24,9.29
Dic-2022,875.66,Oct-2023,926.35,1141.55,1057077.63,57077.63,809.83,1.42
Dic-2022,875.66,Nov-2023,886.61,1141.55,1012557.08,12557.08,838.56,6.68
Dic-2022,875.66,Dic-2023,874.67,1141.55,998858.45,-1141.55,764.69,66.99
Dic-2022,875.66,Ene-2024,907.99,1141.55,1036529.68,36529.68,413.88,1.13
Dic-2022,875.66,Feb-2024,963.44,1141.55,1099315.07,99315.07,928.89,0.94
Dic-2022,875.66,Mar-2024,967.93,1141.55,1105022.83,105022.83,508.97,0.48
Dic-2022,875.66,Abr-2024,960.14,1141.55,1095890.41,95890.41,585.30,0.61
Dic-2022,875.66,May-2024,917.88,1141.55,1047945.21,47945.21,543.90,1.13
Dic-2022,875.66,Jun-2024,926.08,1141.55,1057077.63,57077.63,501.76,0.88
Dic-2022,875.66,Jul-2024,937.56,1141.55,1070776.26,70776.26,918.28,1.30
Dic-2022,875.66,Ago-2024,929.90,1141.55,1061643.84,61643.84,526.38,0.85
Dic-2022,875.66,Sep-2024,926.21,1141.55,1057077.63,57077.63,650.11,1.14
Dic-2022,875.66,Oct-2024,933.81,1141.55,1066210.05,66210.05,630.93,0.95
Dic-2022,875.66,Nov-2024,971.60,1141.55,1109589.04,109589.04,887.64,0.81
Dic-2022,875.66,Dic-2024,982.30,1141.55,1121004.57,121004.57,777.62,0.64
Dic-2022,875.66,Ene-2025,1000.76,1141.55,1141552.51,141552.51,1310.16,0.93
Dic-2022,875.66,Feb-2025,956.62,1141.55,1092465.75,92465.75,858.14,0.93
Dic-2022,875.66,Mar-2025,932.55,1141.55,1065068.49,65068.49,927.49,1.43
Dic-2022,875.66,Abr-2025,961.96,1141.55,1098173.52,98173.52,472.06,0.48
Dic-2022,875.66,May-2025,941.01,1141.55,1074200.91,74200.91,428.50,0.58
Dic-2022,875.66,Jun-2025,938.04,1141.55,1070776.26,70776.26,461.42,0.65
Dic-2022,875.66,Jul-2025,951.55,1141.55,1086757.99,86757.99,935.91,1.08
Dic-2022,875.66,Ago-2025,966.30,1141.55,1102739.73,102739.73,770.53,0.75
Dic-2022,875.66,Sep-2025,960.37,1141.55,1095890.41,95890.41,847.72,0.88
Dic-2022,875.66,Oct-2025,953.97,1141.55,1089041.10,89041.10,457.10,0.51
Dic-2022,875.66,Nov-2025,935.70,1141.55,1068493.15,68493.15,757.45,1.11
Dic-2022,875.66,Dic-2025,916.16,1141.55,1045662.10,45662.10,588.62,1.29
Ene-2023,826.34,Feb-2023,798.26,1210.65,966101.69,-33898.31,712.17,2.10
Ene-2023,826.34,Mar-2023,809.50,1210.65,980629.54,-19370.46,1009.18,5.21
Ene-2023,826.34,Abr-2023,803.84,1210.65,973365.62,-26634.38,594.24,2.23
Ene-2023,826.34,May-2023,798.64,1210.65,967312.35,-32687.65,834.04,2.55
Ene-2023,826.34,Jun-2023,799.87,1210.65,968523.00,-31477.00,555.91,1.77
Ene-2023,826.34,Jul-2023,813.40,1210.65,984261.50,-15738.50,889.00,5.65
Ene-2023,826.34,Ago-2023,855.66,1210.65,1036319.61,36319.61,838.18,2.31
Ene-2023,826.34,Sep-2023,884.40,1210.65,1070217.92,70217.92,924.39,1.32
Ene-2023,826.34,Oct-2023,926.35,1210.65,1121065.38,121065.38,884.83,0.73
Ene-2023,826.34,Nov-2023,886.61,1210.65,1073849.88,73849.88,914.20,1.24
Ene-2023,826.34,Dic-2023,874.67,1210.65,1059322.03,59322.03,835.53,1.41
Ene-2023,826.34,Ene-2024,907.99,1210.65,1099273.61,99273.61,464.41,0.47
Ene-2023,826.34,Feb-2024,963.44,1210.65,1165859.56,165859.56,1012.14,0.61
Ene-2023,826.34,Mar-2024,967.93,1210.65,1171912.83,171912.83,566.94,0.33
Ene-2023,826.34,Abr-2024,960.14,1210.65,1162227.60,162227.60,647.67,0.40
Ene-2023,826.34,May-2024,917.88,1210.65,1111380.15,111380.15,602.58,0.54
Ene-2023,826.34,Jun-2024,926.08,1210.65,1121065.38,121065.38,558.11,0.46
Ene-2023,826.34,Jul-2024,937.56,1210.65,1135593.22,135593.22,1000.18,0.74
Ene-2023,826.34,Ago-2024,929.90,1210.65,1125907.99,125907.99,584.34,0.46
Ene-2023,826.34,Sep-2024,926.21,1210.65,1121065.38,121065.38,715.45,0.59
Ene-2023,826.34,Oct-2024,933.81,1210.65,1130750.61,130750.61,695.32,0.53
Ene-2023,826.34,Nov-2024,971.60,1210.65,1176755.45,176755.45,968.64,0.55
Ene-2023,826.34,Dic-2024,982.30,1210.65,1188861.99,188861.99,852.25,0.45
Ene-2023,826.34,Ene-2025,1000.76,1210.65,1210653.75,210653.75,1417.53,0.67
Ene-2023,826.34,Feb-2025,956.62,1210.65,1158595.64,158595.64,936.94,0.59
Ene-2023,826.34,Mar-2025,932.55,1210.65,1129539.95,129539.95,1009.81,0.78
Ene-2023,826.34,Abr-2025,961.96,1210.65,1164648.91,164648.91,527.63,0.32
Ene-2023,826.34,May-2025,941.01,1210.65,1139225.18,139225.18,480.84,0.35
Ene-2023,826.34,Jun-2025,938.04,1210.65,1135593.22,135593.22,515.67,0.38
Ene-2023,826.34,Jul-2025,951.55,1210.65,1152542.37,152542.37,1019.27,0.67
Ene-2023,826.34,Ago-2025,966.30,1210.65,1169491.53,169491.53,844.27,0.50
Ene-2023,826.34,Sep-2025,960.37,1210.65,1162227.60,162227.60,925.97,0.57
Ene-2023,826.34,Oct-2025,953.97,1210.65,1154963.68,154963.68,511.53,0.33
Ene-2023,826.34,Nov-2025,935.70,1210.65,1133171.91,133171.91,829.56,0.62
Ene-2023,826.34,Dic-2025,916.16,1210.65,1108958.84,108958.84,649.96,0.60
Feb-2023,798.26,Mar-2023,809.50,1253.13,1015037.59,15037.59,957.56,6.37
Feb-2023,798.26,Abr-2023,803.84,1253.13,1007518.80,7518.80,528.70,7.03
Feb-2023,798.26,May-2023,798.64,1253.13,1001253.13,1253.13,777.45,62.04
Feb-2023,798.26,Jun-2023,799.87,1253.13,1002506.27,2506.27,489.46,19.53
Feb-2023,798.26,Jul-2023,813.40,1253.13,1018796.99,18796.99,832.84,4.43
Feb-2023,798.26,Ago-2023,855.66,1253.13,1072681.70,72681.70,775.62,1.07
Feb-2023,798.26,Sep-2023,884.40,1253.13,1107769.42,107769.42,861.84,0.80
Feb-2023,798.26,Oct-2023,926.35,1253.13,1160401.00,160401.00,816.38,0.51
Feb-2023,798.26,Nov-2023,886.61,1253.13,1111528.82,111528.82,850.97,0.76
Feb-2023,798.26,Dic-2023,874.67,1253.13,1096491.23,96491.23,770.83,0.80
Feb-2023,798.26,Ene-2024,907.99,1253.13,1137844.61,137844.61,383.14,0.28
Feb-2023,798.26,Feb-2024,963.44,1253.13,1206766.92,206766.92,944.18,0.46
Feb-2023,798.26,Mar-2024,967.93,1253.13,1213032.58,213032.58,482.82,0.23
Feb-2023,798.26,Abr-2024,960.14,1253.13,1203007.52,203007.52,567.24,0.28
Feb-2023,798.26,May-2024,917.88,1253.13,1150375.94,150375.94,525.08,0.35
Feb-2023,798.26,Jun-2024,926.08,1253.13,1160401.00,160401.00,478.19,0.30
Feb-2023,798.26,Jul-2024,937.56,1253.13,1175438.60,175438.60,934.49,0.53
Feb-2023,798.26,Ago-2024,929.90,1253.13,1165413.53,165413.53,504.91,0.31
Feb-2023,798.26,Sep-2024,926.21,1253.13,1160401.00,160401.00,641.05,0.40
Feb-2023,798.26,Oct-2024,933.81,1253.13,1170426.07,170426.07,619.36,0.36
Feb-2023,798.26,Nov-2024,971.60,1253.13,1218045.11,218045.11,898.19,0.41
Feb-2023,798.26,Dic-2024,982.30,1253.13,1230576.44,230576.44,776.63,0.34
Feb-2023,798.26,Ene-2025,1000.76,1253.13,1253132.83,253132.83,1359.81,0.54
Feb-2023,798.26,Feb-2025,956.62,1253.13,1199248.12,199248.12,866.98,0.44
Feb-2023,798.26,Mar-2025,932.55,1253.13,1169172.93,169172.93,944.99,0.56
Feb-2023,798.26,Abr-2025,961.96,1253.13,1205513.78,205513.78,442.77,0.22
Feb-2023,798.26,May-2025,941.01,1253.13,1179197.99,179197.99,396.61,0.22
Feb-2023,798.26,Jun-2025,938.04,1253.13,1175438.60,175438.60,432.97,0.25
Feb-2023,798.26,Jul-2025,951.55,1253.13,1192982.46,192982.46,952.74,0.49
Feb-2023,798.26,Ago-2025,966.30,1253.13,1210526.32,210526.32,770.10,0.37
Feb-2023,798.26,Sep-2025,960.37,1253.13,1203007.52,203007.52,855.31,0.42
Feb-2023,798.26,Oct-2025,953.97,1253.13,1195488.72,195488.72,426.98,0.22
Feb-2023,798.26,Nov-2025,935.70,1253.13,1172932.33,172932.33,758.09,0.44
Feb-2023,798.26,Dic-2025,916.16,1253.13,1147869.67,147869.67,574.34,0.39
Mar-2023,809.50,Abr-2023,803.84,1234.57,992592.59,-7407.41,810.66,10.94
Mar-2023,809.50,May-2023,798.64,1234.57,986419.75,-13580.25,1053.92,7.76
Mar-2023,809.50,Jun-2023,799.87,1234.57,987654.32,-12345.68,770.56,6.24
Mar-2023,809.50,Jul-2023,813.40,1234.57,1003703.70,3703.70,1113.54,30.07
Mar-2023,809.50,Ago-2023,855.66,1234.57,1056790.12,56790.12,1072.66,1.89
Mar-2023,809.50,Sep-2023,884.40,1234.57,1091358.02,91358.02,1167.70,1.28
Mar-2023,809.50,Oct-2023,926.35,1234.57,1143209.88,143209.88,1138.06,0.79
Mar-2023,809.50,Nov-2023,886.61,1234.57,1095061.73,95061.73,1158.07,1.22
Mar-2023,809.50,Dic-2023,874.67,1234.57,1080246.91,80246.91,1074.79,1.34
Mar-2023,809.50,Ene-2024,907.99,1234.57,1120987.65,120987.65,704.74,0.58
Mar-2023,809.50,Feb-2024,963.44,1234.57,1188888.89,188888.89,1277.30,0.68
Mar-2023,809.50,Mar-2024,967.93,1234.57,1195061.73,195061.73,824.57,0.42
Mar-2023,809.50,Abr-2024,960.14,1234.57,1185185.19,185185.19,904.86,0.49
Mar-2023,809.50,May-2024,917.88,1234.57,1133333.33,133333.33,848.19,0.64
Mar-2023,809.50,Jun-2024,926.08,1234.57,1143209.88,143209.88,804.88,0.56
Mar-2023,809.50,Jul-2024,937.56,1234.57,1158024.69,158024.69,1258.74,0.80
Mar-2023,809.50,Ago-2024,929.90,1234.57,1148148.15,148148.15,832.64,0.56
Mar-2023,809.50,Sep-2024,926.21,1234.57,1143209.88,143209.88,965.32,0.67
Mar-2023,809.50,Oct-2024,933.81,1234.57,1153086.42,153086.42,946.84,0.62
Mar-2023,809.50,Nov-2024,971.60,1234.57,1200000.00,200000.00,1235.23,0.62
Mar-2023,809.50,Dic-2024,982.30,1234.57,1212345.68,212345.68,1119.08,0.53
Mar-2023,809.50,Ene-2025,1000.76,1234.57,1234567.90,234567.90,1700.11,0.72
Mar-2023,809.50,Feb-2025,956.62,1234.57,1181481.48,181481.48,1199.08,0.66
Mar-2023,809.50,Mar-2025,932.55,1234.57,1151851.85,151851.85,1267.28,0.83
Mar-2023,809.50,Abr-2025,961.96,1234.57,1187654.32,187654.32,782.96,0.42
Mar-2023,809.50,May-2025,941.01,1234.57,1161728.40,161728.40,729.90,0.45
Mar-2023,809.50,Jun-2025,938.04,1234.57,1158024.69,158024.69,764.65,0.48
Mar-2023,809.50,Jul-2025,951.55,1234.57,1175308.64,175308.64,1281.77,0.73
Mar-2023,809.50,Ago-2025,966.30,1234.57,1192592.59,192592.59,1106.88,0.57
Mar-2023,809.50,Sep-2025,960.37,1234.57,1185185.19,185185.19,1188.66,0.64
Mar-2023,809.50,Oct-2025,953.97,1234.57,1177777.78,177777.78,764.51,0.43
Mar-2023,809.50,Nov-2025,935.70,1234.57,1155555.56,155555.56,1084.24,0.70
Mar-2023,809.50,Dic-2025,916.16,1234.57,1130864.20,130864.20,895.99,0.68
Abr-2023,803.84,May-2023,798.64,1243.78,993781.09,-6218.91,645.77,10.38
Abr-2023,803.84,Jun-2023,799.87,1243.78,995024.88,-4975.12,359.77,7.23
Abr-2023,803.84,Jul-2023,813.40,1243.78,1011194.03,11194.03,698.54,6.24
Abr-2023,803.84,Ago-2023,855.66,1243.78,1064676.62,64676.62,634.97,0.98
Abr-2023,803.84,Sep-2023,884.40,1243.78,1099502.49,99502.49,716.14,0.72
Abr-2023,803.84,Oct-2023,926.35,1243.78,1151741.29,151741.29,664.41,0.44
Abr-2023,803.84,Nov-2023,886.61,1243.78,1103233.83,103233.83,704.88,0.68
Abr-2023,803.84,Dic-2023,874.67,1243.78,1088308.46,88308.46,627.22,0.71
Abr-2023,803.84,Ene-2024,907.99,1243.78,1129353.23,129353.23,237.23,0.18
Abr-2023,803.84,Feb-2024,963.44,1243.78,1197761.19,197761.19,785.42,0.40
Abr-2023,803.84,Mar-2024,967.93,1243.78,1203980.10,203980.10,326.72,0.16
Abr-2023,803.84,Abr-2024,960.14,1243.78,1194029.85,194029.85,411.77,0.21
Abr-2023,803.84,May-2024,917.88,1243.78,1141791.04,141791.04,376.54,0.27
Abr-2023,803.84,Jun-2024,926.08,1243.78,1151741.29,151741.29,328.74,0.22
Abr-2023,803.84,Jul-2024,937.56,1243.78,1166666.67,166666.67,779.74,0.47
Abr-2023,803.84,Ago-2024,929.90,1243.78,1156716.42,156716.42,354.63,0.23
Abr-2023,803.84,Sep-2024,926.21,1243.78,1151741.29,151741.29,490.38,0.32
Abr-2023,803.84,Oct-2024,933.81,1243.78,1161691.54,161691.54,467.59,0.29
Abr-2023,803.84,Nov-2024,971.60,1243.78,1208955.22,208955.22,738.35,0.35
Abr-2023,803.84,Dic-2024,982.30,1243.78,1221393.03,221393.03,616.13,0.28
Abr-2023,803.84,Ene-2025,1000.76,1243.78,1243781.09,243781.09,1192.12,0.49
Abr-2023,803.84,Feb-2025,956.62,1243.78,1190298.51,190298.51,709.75,0.37
Abr-2023,803.84,Mar-2025,932.55,1243.78,1160447.76,160447.76,790.95,0.49
Abr-2023,803.84,Abr-2025,961.96,1243.78,1196517.41,196517.41,287.91,0.15
Abr-2023,803.84,May-2025,941.01,1243.78,1170398.01,170398.01,245.40,0.14
Abr-2023,803.84,Jun-2025,938.04,1243.78,1166666.67,166666.67,281.97,0.17
Abr-2023,803.84,Jul-2025,951.55,1243.78,1184079.60,184079.60,795.65,0.43
Abr-2023,803.84,Ago-2025,966.30,1243.78,1201492.54,201492.54,612.17,0.30
Abr-2023,803.84,Sep-2025,960.37,1243.78,1194029.85,194029.85,697.69,0.36
Abr-2023,803.84,Oct-2025,953.97,1243.78,1186567.16,186567.16,273.49,0.15
Abr-2023,803.84,Nov-2025,935.70,1243.78,1164179.10,164179.10,604.98,0.37
Abr-2023,803.84,Dic-2025,916.16,1243.78,1139303.48,139303.48,425.74,0.31
May-2023,798.64,Jun-2023,799.87,1251.56,1001251.56,1251.56,614.06,49.06
May-2023,798.64,Jul-2023,813.40,1251.56,1017521.90,17521.90,959.04,5.47
May-2023,798.64,Ago-2023,855.66,1251.56,1071339.17,71339.17,908.62,1.27
May-2023,798.64,Sep-2023,884.40,1251.56,1106382.98,106382.98,999.12,0.94
May-2023,798.64,Oct-2023,926.35,1251.56,1158948.69,158948.69,960.30,0.60
May-2023,798.64,Nov-2023,886.61,1251.56,1110137.67,110137.67,988.74,0.90
May-2023,798.64,Dic-2023,874.67,1251.56,1095118.90,95118.90,906.81,0.95
May-2023,798.64,Ene-2024,907.99,1251.56,1136420.53,136420.53,524.78,0.38
May-2023,798.64,Feb-2024,963.44,1251.56,1205256.57,205256.57,1093.73,0.53
May-2023,798.64,Mar-2024,967.93,1251.56,1211514.39,211514.39,633.73,0.30
May-2023,798.64,Abr-2024,960.14,1251.56,1201501.88,201501.88,716.79,0.36
May-2023,798.64,May-2024,917.88,1251.56,1148936.17,148936.17,668.11,0.45
May-2023,798.64,Jun-2024,926.08,1251.56,1158948.69,158948.69,622.53,0.39
May-2023,798.64,Jul-2024,937.56,1251.56,1173967.46,173967.46,1080.13,0.62
May-2023,798.64,Ago-2024,929.90,1251.56,1163954.94,163954.94,649.84,0.40
May-2023,798.64,Sep-2024,926.21,1251.56,1158948.69,158948.69,785.18,0.49
May-2023,798.64,Oct-2024,933.81,1251.56,1168961.20,168961.20,764.77,0.45
May-2023,798.64,Nov-2024,971.60,1251.56,1216520.65,216520.65,1049.20,0.48
May-2023,798.64,Dic-2024,982.30,1251.56,1229036.30,229036.30,929.36,0.41
May-2023,798.64,Ene-2025,1000.76,1251.56,1251564.46,251564.46,1514.63,0.60
May-2023,798.64,Feb-2025,956.62,1251.56,1197747.18,197747.18,1015.69,0.51
May-2023,798.64,Mar-2025,932.55,1251.56,1167709.64,167709.64,1089.84,0.65
May-2023,798.64,Abr-2025,961.96,1251.56,1204005.01,204005.01,592.79,0.29
May-2023,798.64,May-2025,941.01,1251.56,1177722.15,177722.15,543.39,0.31
May-2023,798.64,Jun-2025,938.04,1251.56,1173967.46,173967.46,579.25,0.33
May-2023,798.64,Jul-2025,951.55,1251.56,1191489.36,191489.36,1100.55,0.57
May-2023,798.64,Ago-2025,966.30,1251.56,1209011.26,209011.26,920.33,0.44
May-2023,798.64,Sep-2025,960.37,1251.56,1201501.88,201501.88,1004.50,0.50
May-2023,798.64,Oct-2025,953.97,1251.56,1193992.49,193992.49,575.76,0.30
May-2023,798.64,Nov-2025,935.70,1251.56,1171464.33,171464.33,903.65,0.53
May-2023,798.64,Dic-2025,916.16,1251.56,1146433.04,146433.04,716.99,0.49
Jun-2023,799.87,Jul-2023,813.40,1250.00,1016250.00,16250.00,664.92,4.09
Jun-2023,799.87,Ago-2023,855.66,1250.00,1070000.00,70000.00,599.07,0.86
Jun-2023,799.87,Sep-2023,884.40,1250.00,1105000.00,105000.00,679.37,0.65
Jun-2023,799.87,Oct-2023,926.35,1250.00,1157500.00,157500.00,625.46,0.40
Jun-2023,799.87,Nov-2023,886.61,1250.00,1108750.00,108750.00,667.92,0.61
Jun-2023,799.87,Dic-2023,874.67,1250.00,1093750.00,93750.00,590.42,0.63
Jun-2023,799.87,Ene-2024,907.99,1250.00,1135000.00,135000.00,196.97,0.15
Jun-2023,799.87,Feb-2024,963.44,1250.00,1203750.00,203750.00,745.39,0.37
Jun-2023,799.87,Mar-2024,967.93,1250.00,1210000.00,210000.00,284.16,0.14
Jun-2023,799.87,Abr-2024,960.14,1250.00,1200000.00,200000.00,370.01,0.19
Jun-2023,799.87,May-2024,917.88,1250.00,1147500.00,147500.00,336.52,0.23
Jun-2023,799.87,Jun-2024,926.08,1250.00,1157500.00,157500.00,288.12,0.18
Jun-2023,799.87,Jul-2024,937.56,1250.00,1172500.00,172500.00,740.82,0.43
Jun-2023,799.87,Ago-2024,929.90,1250.00,1162500.00,162500.00,313.95,0.19
Jun-2023,799.87,Sep-2024,926.21,1250.00,1157500.00,157500.00,450.56,0.29
Jun-2023,799.87,Oct-2024,933.81,1250.00,1167500.00,167500.00,427.30,0.26
Jun-2023,799.87,Nov-2024,971.60,1250.00,1215000.00,215000.00,697.68,0.32
Jun-2023,799.87,Dic-2024,982.30,1250.00,1227500.00,227500.00,574.39,0.25
Jun-2023,799.87,Ene-2025,1000.76,1250.00,1250000.00,250000.00,1152.44,0.46
Jun-2023,799.87,Feb-2025,956.62,1250.00,1196250.00,196250.00,669.61,0.34
Jun-2023,799.87,Mar-2025,932.55,1250.00,1166250.00,166250.00,752.32,0.45
Jun-2023,799.87,Abr-2025,961.96,1250.00,1202500.00,202500.00,245.44,0.12
Jun-2023,799.87,May-2025,941.01,1250.00,1176250.00,176250.00,203.67,0.12
Jun-2023,799.87,Jun-2025,938.04,1250.00,1172500.00,172500.00,240.56,0.14
Jun-2023,799.87,Jul-2025,951.55,1250.00,1190000.00,190000.00,756.17,0.40
Jun-2023,799.87,Ago-2025,966.30,1250.00,1207500.00,207500.00,571.13,0.28
Jun-2023,799.87,Sep-2025,960.37,1250.00,1200000.00,200000.00,657.35,0.33
Jun-2023,799.87,Oct-2025,953.97,1250.00,1192500.00,192500.00,231.31,0.12
Jun-2023,799.87,Nov-2025,935.70,1250.00,1170000.00,170000.00,565.28,0.33
Jun-2023,799.87,Dic-2025,916.16,1250.00,1145000.00,145000.00,386.06,0.27
Jul-2023,813.40,Ago-2023,855.66,1230.01,1052890.53,52890.53,936.14,1.77
Jul-2023,813.40,Sep-2023,884.40,1230.01,1087330.87,87330.87,1026.49,1.18
Jul-2023,813.40,Oct-2023,926.35,1230.01,1138991.39,138991.39,990.46,0.71
Jul-2023,813.40,Nov-2023,886.61,1230.01,1091020.91,91020.91,1016.44,1.12
Jul-2023,813.40,Dic-2023,874.67,1230.01,1076260.76,76260.76,935.32,1.23
Jul-2023,813.40,Ene-2024,907.99,1230.01,1116851.17,116851.17,561.53,0.48
Jul-2023,813.40,Feb-2024,963.44,1230.01,1184501.85,184501.85,1123.45,0.61
Jul-2023,813.40,Mar-2024,967.93,1230.01,1190651.91,190651.91,671.63,0.35
Jul-2023,813.40,Abr-2024,960.14,1230.01,1180811.81,180811.81,752.86,0.42
Jul-2023,813.40,May-2024,917.88,1230.01,1129151.29,129151.29,702.90,0.54
Jul-2023,813.40,Jun-2024,926.08,1230.01,1138991.39,138991.39,658.51,0.47
Jul-2023,813.40,Jul-2024,937.56,1230.01,1153751.54,153751.54,1108.83,0.72
Jul-2023,813.40,Ago-2024,929.90,1230.01,1143911.44,143911.44,685.55,0.48
Jul-2023,813.40,Sep-2024,926.21,1230.01,1138991.39,138991.39,818.36,0.59
Jul-2023,813.40,Oct-2024,933.81,1230.01,1148831.49,148831.49,798.70,0.54
Jul-2023,813.40,Nov-2024,971.60,1230.01,1195571.96,195571.96,1080.15,0.55
Jul-2023,813.40,Dic-2024,982.30,1230.01,1207872.08,207872.08,962.88,0.46
Jul-2023,813.40,Ene-2025,1000.76,1230.01,1230012.30,230012.30,1538.97,0.67
Jul-2023,813.40,Feb-2025,956.62,1230.01,1177121.77,177121.77,1046.46,0.59
Jul-2023,813.40,Mar-2025,932.55,1230.01,1147601.48,147601.48,1118.12,0.76
Jul-2023,813.40,Abr-2025,961.96,1230.01,1183271.83,183271.83,631.09,0.34
Jul-2023,813.40,May-2025,941.01,1230.01,1157441.57,157441.57,581.49,0.37
Jul-2023,813.40,Jun-2025,938.04,1230.01,1153751.54,153751.54,616.57,0.40
Jul-2023,813.40,Jul-2025,951.55,1230.01,1170971.71,170971.71,1129.61,0.66
Jul-2023,813.40,Ago-2025,966.30,1230.01,1188191.88,188191.88,953.20,0.51
Jul-2023,813.40,Sep-2025,960.37,1230.01,1180811.81,180811.81,1035.61,0.57
Jul-2023,813.40,Oct-2025,953.97,1230.01,1173431.73,173431.73,613.95,0.35
Jul-2023,813.40,Nov-2025,935.70,1230.01,1151291.51,151291.51,935.28,0.62
Jul-2023,813.40,Dic-2025,916.16,1230.01,1126691.27,126691.27,750.83,0.59
Ago-2023,855.66,Sep-2023,884.40,1168.22,1032710.28,32710.28,877.43,2.68
Ago-2023,855.66,Oct-2023,926.35,1168.22,1081775.70,81775.70,838.57,1.03
Ago-2023,855.66,Nov-2023,886.61,1168.22,1036214.95,36214.95,867.55,2.40
Ago-2023,855.66,Dic-2023,874.67,1168.22,1022196.26,22196.26,791.83,3.57
Ago-2023,855.66,Ene-2024,907.99,1168.22,1060747.66,60747.66,433.17,0.71
Ago-2023,855.66,Feb-2024,963.44,1168.22,1125000.00,125000.00,960.81,0.77
Ago-2023,855.66,Mar-2024,967.93,1168.22,1130841.12,130841.12,531.13,0.41
Ago-2023,855.66,Abr-2024,960.14,1168.22,1121495.33,121495.33,609.16,0.50
Ago-2023,855.66,May-2024,917.88,1168.22,1072429.91,72429.91,566.34,0.78
Ago-2023,855.66,Jun-2024,926.08,1168.22,1081775.70,81775.70,523.30,0.64
Ago-2023,855.66,Jul-2024,937.56,1168.22,1095794.39,95794.39,949.68,0.99
Ago-2023,855.66,Ago-2024,929.90,1168.22,1086448.60,86448.60,548.54,0.63
Ago-2023,855.66,Sep-2024,926.21,1168.22,1081775.70,81775.70,675.12,0.83
Ago-2023,855.66,Oct-2024,933.81,1168.22,1091121.50,91121.50,655.57,0.72
Ago-2023,855.66,Nov-2024,971.60,1168.22,1135514.02,135514.02,918.68,0.68
Ago-2023,855.66,Dic-2024,982.30,1168.22,1147196.26,147196.26,806.20,0.55
Ago-2023,855.66,Ene-2025,1000.76,1168.22,1168224.30,168224.30,1351.37,0.80
Ago-2023,855.66,Feb-2025,956.62,1168.22,1117990.65,117990.65,888.34,0.75
Ago-2023,855.66,Mar-2025,932.55,1168.22,1089953.27,89953.27,959.05,1.07
Ago-2023,855.66,Abr-2025,961.96,1168.22,1123831.78,123831.78,493.29,0.40
Ago-2023,855.66,May-2025,941.01,1168.22,1099299.07,99299.07,448.49,0.45
Ago-2023,855.66,Jun-2025,938.04,1168.22,1095794.39,95794.39,482.15,0.50
Ago-2023,855.66,Jul-2025,951.55,1168.22,1112149.53,112149.53,967.87,0.86
Ago-2023,855.66,Ago-2025,966.30,1168.22,1128504.67,128504.67,798.77,0.62
Ago-2023,855.66,Sep-2025,960.37,1168.22,1121495.33,121495.33,877.71,0.72
Ago-2023,855.66,Oct-2025,953.97,1168.22,1114485.98,114485.98,477.89,0.42
Ago-2023,855.66,Nov-2025,935.70,1168.22,1093457.94,93457.94,785.07,0.84
Ago-2023,855.66,Dic-2025,916.16,1168.22,1070093.46,70093.46,612.09,0.87
Sep-2023,884.40,Oct-2023,926.35,1131.22,1047511.31,47511.31,869.55,1.83
Sep-2023,884.40,Nov-2023,886.61,1131.22,1003393.67,3393.67,895.19,26.38
Sep-2023,884.40,Dic-2023,874.67,1131.22,989819.00,-10181.00,821.12,8.07
Sep-2023,884.40,Ene-2024,907.99,1131.22,1027149.32,27149.32,475.88,1.75
Sep-2023,884.40,Feb-2024,963.44,1131.22,1089366.52,89366.52,990.21,1.11
Sep-2023,884.40,Mar-2024,967.93,1131.22,1095022.62,95022.62,574.45,0.60
Sep-2023,884.40,Abr-2024,960.14,1131.22,1085972.85,85972.85,649.52,0.76
Sep-2023,884.40,May-2024,917.88,1131.22,1038461.54,38461.54,605.44,1.57
Sep-2023,884.40,Jun-2024,926.08,1131.22,1047511.31,47511.31,564.26,1.19
Sep-2023,884.40,Jul-2024,937.56,1131.22,1061085.97,61085.97,977.88,1.60
Sep-2023,884.40,Ago-2024,929.90,1131.22,1052036.20,52036.20,588.95,1.13
Sep-2023,884.40,Sep-2024,926.21,1131.22,1047511.31,47511.31,711.28,1.50
Sep-2023,884.40,Oct-2024,933.81,1131.22,1056561.09,56561.09,692.84,1.22
Sep-2023,884.40,Nov-2024,971.60,1131.22,1099547.51,99547.51,949.98,0.95
Sep-2023,884.40,Dic-2024,982.30,1131.22,1110859.73,110859.73,841.69,0.76
Sep-2023,884.40,Ene-2025,1000.76,1131.22,1131221.72,131221.72,1370.71,1.04
Sep-2023,884.40,Feb-2025,956.62,1131.22,1082579.19,82579.19,919.67,1.11
Sep-2023,884.40,Mar-2025,932.55,1131.22,1055429.86,55429.86,986.65,1.78
Sep-2023,884.40,Abr-2025,961.96,1131.22,1088235.29,88235.29,537.44,0.61
Sep-2023,884.40,May-2025,941.01,1131.22,1064479.64,64479.64,492.76,0.76
Sep-2023,884.40,Jun-2025,938.04,1131.22,1061085.97,61085.97,525.16,0.86
Sep-2023,884.40,Jul-2025,951.55,1131.22,1076923.08,76923.08,996.37,1.30
Sep-2023,884.40,Ago-2025,966.30,1131.22,1092760.18,92760.18,833.50,0.90
Sep-2023,884.40,Sep-2025,960.37,1131.22,1085972.85,85972.85,909.56,1.06
Sep-2023,884.40,Oct-2025,953.97,1131.22,1079185.52,79185.52,522.04,0.66
Sep-2023,884.40,Nov-2025,935.70,1131.22,1058823.53,58823.53,818.36,1.39
Sep-2023,884.40,Dic-2025,916.16,1131.22,1036199.10,36199.10,649.62,1.79
Oct-2023,926.35,Nov-2023,886.61,1079.91,957883.37,-42116.63,783.27,1.86
Oct-2023,926.35,Dic-2023,874.67,1079.91,944924.41,-55075.59,713.52,1.30
Oct-2023,926.35,Ene-2024,907.99,1079.91,980561.56,-19438.44,381.28,1.96
Oct-2023,926.35,Feb-2024,963.44,1079.91,1039956.80,39956.80,867.87,2.17
Oct-2023,926.35,Mar-2024,967.93,1079.91,1045356.37,45356.37,470.56,1.04
Oct-2023,926.35,Abr-2024,960.14,1079.91,1036717.06,36717.06,542.87,1.48
Oct-2023,926.35,May-2024,917.88,1079.91,991360.69,-8639.31,504.17,5.84
Oct-2023,926.35,Jun-2024,926.08,1079.91,1000000.00,-0.00,464.21,398755570488047.38
Oct-2023,926.35,Jul-2024,937.56,1079.91,1012958.96,12958.96,858.11,6.62
Oct-2023,926.35,Ago-2024,929.90,1079.91,1004319.65,4319.65,487.46,11.28
Oct-2023,926.35,Sep-2024,926.21,1079.91,1000000.00,-0.00,604.56,519310847462662.31
Oct-2023,926.35,Oct-2024,933.81,1079.91,1008639.31,8639.31,586.32,6.79
Oct-2023,926.35,Nov-2024,971.60,1079.91,1049676.03,49676.03,828.74,1.67
Oct-2023,926.35,Dic-2024,982.30,1079.91,1060475.16,60475.16,724.55,1.20
Oct-2023,926.35,Ene-2025,1000.76,1079.91,1079913.61,79913.61,1228.13,1.54
Oct-2023,926.35,Feb-2025,956.62,1079.91,1033477.32,33477.32,801.01,2.39
Oct-2023,926.35,Mar-2025,932.55,1079.91,1007559.40,7559.40,866.88,11.47
Oct-2023,926.35,Abr-2025,961.96,1079.91,1038876.89,38876.89,435.71,1.12
Oct-2023,926.35,May-2025,941.01,1079.91,1016198.70,16198.70,394.75,2.44
Oct-2023,926.35,Jun-2025,938.04,1079.91,1012958.96,12958.96,425.92,3.29
Oct-2023,926.35,Jul-2025,951.55,1079.91,1028077.75,28077.75,874.63,3.12
Oct-2023,926.35,Ago-2025,966.30,1079.91,1043196.54,43196.54,718.02,1.66
Oct-2023,926.35,Sep-2025,960.37,1079.91,1036717.06,36717.06,791.11,2.15
Oct-2023,926.35,Oct-2025,953.97,1079.91,1030237.58,30237.58,421.65,1.39
Oct-2023,926.35,Nov-2025,935.70,1079.91,1010799.14,10799.14,705.99,6.54
Oct-2023,926.35,Dic-2025,916.16,1079.91,989200.86,-10799.14,546.50,5.06
Nov-2023,886.61,Dic-2023,874.67,1127.40,986471.25,-13528.75,806.11,5.96
Nov-2023,886.61,Ene-2024,907.99,1127.40,1023675.31,23675.31,461.57,1.95
Nov-2023,886.61,Feb-2024,963.44,1127.40,1085682.07,85682.07,973.39,1.14
Nov-2023,886.61,Mar-2024,967.93,1127.40,1091319.05,91319.05,558.97,0.61
Nov-2023,886.61,Abr-2024,960.14,1127.40,1082299.89,82299.89,633.89,0.77
Nov-2023,886.61,May-2024,917.88,1127.40,1034949.27,34949.27,590.56,1.69
Nov-2023,886.61,Jun-2024,926.08,1127.40,1043968.43,43968.43,549.40,1.25
Nov-2023,886.61,Jul-2024,937.56,1127.40,1057497.18,57497.18,961.46,1.67
Nov-2023,886.61,Ago-2024,929.90,1127.40,1048478.02,48478.02,573.95,1.18
Nov-2023,886.61,Sep-2024,926.21,1127.40,1043968.43,43968.43,695.92,1.58
Nov-2023,886.61,Oct-2024,933.81,1127.40,1052987.60,52987.60,677.43,1.28
Nov-2023,886.61,Nov-2024,971.60,1127.40,1095828.64,95828.64,933.17,0.97
Nov-2023,886.61,Dic-2024,982.30,1127.40,1107102.59,107102.59,825.11,0.77
Nov-2023,886.61,Ene-2025,1000.76,1127.40,1127395.72,127395.72,1352.09,1.06
Nov-2023,886.61,Feb-2025,956.62,1127.40,1078917.70,78917.70,903.17,1.14
Nov-2023,886.61,Mar-2025,932.55,1127.40,1051860.20,51860.20,970.26,1.87
Nov-2023,886.61,Abr-2025,961.96,1127.40,1084554.68,84554.68,522.17,0.62
Nov-2023,886.61,May-2025,941.01,1127.40,1060879.37,60879.37,477.93,0.79
Nov-2023,886.61,Jun-2025,938.04,1127.40,1057497.18,57497.18,510.26,0.89
Nov-2023,886.61,Jul-2025,951.55,1127.40,1073280.72,73280.72,979.68,1.34
Nov-2023,886.61,Ago-2025,966.30,1127.40,1089064.26,89064.26,817.17,0.92
Nov-2023,886.61,Sep-2025,960.37,1127.40,1082299.89,82299.89,893.06,1.09
Nov-2023,886.61,Oct-2025,953.97,1127.40,1075535.51,75535.51,506.93,0.67
Nov-2023,886.61,Nov-2025,935.70,1127.40,1055242.39,55242.39,802.50,1.45
Nov-2023,886.61,Dic-2025,916.16,1127.40,1032694.48,32694.48,634.61,1.94
Dic-2023,874.67,Ene-2024,907.99,1142.86,1037714.29,37714.29,402.94,1.07
Dic-2023,874.67,Feb-2024,963.44,1142.86,1100571.43,100571.43,917.86,0.91
Dic-2023,874.67,Mar-2024,967.93,1142.86,1106285.71,106285.71,497.39,0.47
Dic-2023,874.67,Abr-2024,960.14,1142.86,1097142.86,97142.86,573.91,0.59
Dic-2023,874.67,May-2024,917.88,1142.86,1049142.86,49142.86,532.99,1.08
Dic-2023,874.67,Jun-2024,926.08,1142.86,1058285.71,58285.71,490.70,0.84
Dic-2023,874.67,Jul-2024,937.56,1142.86,1072000.00,72000.00,907.54,1.26
Dic-2023,874.67,Ago-2024,929.90,1142.86,1062857.14,62857.14,515.30,0.82
Dic-2023,874.67,Sep-2024,926.21,1142.86,1058285.71,58285.71,639.22,1.10
Dic-2023,874.67,Oct-2024,933.81,1142.86,1067428.57,67428.57,619.91,0.92
Dic-2023,874.67,Nov-2024,971.60,1142.86,1110857.14,110857.14,876.44,0.79
Dic-2023,874.67,Dic-2024,982.30,1142.86,1122285.71,122285.71,766.17,0.63
Dic-2023,874.67,Ene-2025,1000.76,1142.86,1142857.14,142857.14,1299.09,0.91
Dic-2023,874.67,Feb-2025,956.62,1142.86,1093714.29,93714.29,847.10,0.90
Dic-2023,874.67,Mar-2025,932.55,1142.86,1066285.71,66285.71,916.83,1.38
Dic-2023,874.67,Abr-2025,961.96,1142.86,1099428.57,99428.57,460.51,0.46
Dic-2023,874.67,May-2025,941.01,1142.86,1075428.57,75428.57,417.17,0.55
Dic-2023,874.67,Jun-2025,938.04,1142.86,1072000.00,72000.00,450.16,0.63
Dic-2023,874.67,Jul-2025,951.55,1142.86,1088000.00,88000.00,925.02,1.05
Dic-2023,874.67,Ago-2025,966.30,1142.86,1104000.00,104000.00,759.27,0.73
Dic-2023,874.67,Sep-2025,960.37,1142.86,1097142.86,97142.86,836.63,0.86
Dic-2023,874.67,Oct-2025,953.97,1142.86,1090285.71,90285.71,445.64,0.49
Dic-2023,874.67,Nov-2025,935.70,1142.86,1069714.29,69714.29,746.55,1.07
Dic-2023,874.67,Dic-2025,916.16,1142.86,1046857.14,46857.14,577.79,1.23
Ene-2024,907.99,Feb-2024,963.44,1101.32,1060572.69,60572.69,496.04,0.82
Ene-2024,907.99,Mar-2024,967.93,1101.32,1066079.30,66079.30,88.84,0.13
Ene-2024,907.99,Abr-2024,960.14,1101.32,1057268.72,57268.72,165.81,0.29
Ene-2024,907.99,May-2024,917.88,1101.32,1011013.22,11013.22,143.31,1.30
Ene-2024,907.99,Jun-2024,926.08,1101.32,1019823.79,19823.79,99.33,0.50
Ene-2024,907.99,Jul-2024,937.56,1101.32,1033039.65,33039.65,496.19,1.50
Ene-2024,907.99,Ago-2024,929.90,1101.32,1024229.07,24229.07,121.42,0.50
Ene-2024,907.99,Sep-2024,926.21,1101.32,1019823.79,19823.79,242.46,1.22
Ene-2024,907.99,Oct-2024,933.81,1101.32,1028634.36,28634.36,220.62,0.77
Ene-2024,907.99,Nov-2024,971.60,1101.32,1070484.58,70484.58,452.50,0.64
Ene-2024,907.99,Dic-2024,982.30,1101.32,1081497.80,81497.80,342.21,0.42
Ene-2024,907.99,Ene-2025,1000.76,1101.32,1101321.59,101321.59,848.50,0.84
Ene-2024,907.99,Feb-2025,956.62,1101.32,1053964.76,53964.76,430.28,0.80
Ene-2024,907.99,Mar-2025,932.55,1101.32,1027533.04,27533.04,507.15,1.84
Ene-2024,907.99,Abr-2025,961.96,1101.32,1059471.37,59471.37,55.72,0.09
Ene-2024,907.99,May-2025,941.01,1101.32,1036343.61,36343.61,22.43,0.06
Ene-2024,907.99,Jun-2025,938.04,1101.32,1033039.65,33039.65,55.43,0.17
Ene-2024,907.99,Jul-2025,951.55,1101.32,1048458.15,48458.15,507.38,1.05
Ene-2024,907.99,Ago-2025,966.30,1101.32,1063876.65,63876.65,342.01,0.54
Ene-2024,907.99,Sep-2025,960.37,1101.32,1057268.72,57268.72,418.98,0.73
Ene-2024,907.99,Oct-2025,953.97,1101.32,1050660.79,50660.79,44.61,0.09
Ene-2024,907.99,Nov-2025,935.70,1101.32,1030837.00,30837.00,341.86,1.11
Ene-2024,907.99,Dic-2025,916.16,1101.32,1008810.57,8810.57,187.29,2.13
Feb-2024,963.44,Mar-2024,967.93,1038.42,1005192.11,5192.11,531.76,10.24
Feb-2024,963.44,Abr-2024,960.14,1038.42,996884.74,-3115.26,600.63,19.28
Feb-2024,963.44,May-2024,917.88,1038.42,953271.03,-46728.97,559.98,1.20
Feb-2024,963.44,Jun-2024,926.08,1038.42,961578.40,-38421.60,522.22,1.36
Feb-2024,963.44,Jul-2024,937.56,1038.42,974039.46,-25960.54,901.96,3.47
Feb-2024,963.44,Ago-2024,929.90,1038.42,965732.09,-34267.91,544.90,1.59
Feb-2024,963.44,Sep-2024,926.21,1038.42,961578.40,-38421.60,657.17,1.71
Feb-2024,963.44,Oct-2024,933.81,1038.42,969885.77,-30114.23,640.28,2.13
Feb-2024,963.44,Nov-2024,971.60,1038.42,1009345.79,9345.79,876.50,9.38
Feb-2024,963.44,Dic-2024,982.30,1038.42,1019730.01,19730.01,777.14,3.94
Feb-2024,963.44,Ene-2025,1000.76,1038.42,1038421.60,38421.60,1262.84,3.29
Feb-2024,963.44,Feb-2025,956.62,1038.42,993769.47,-6230.53,848.61,13.62
Feb-2024,963.44,Mar-2025,932.55,1038.42,968847.35,-31152.65,909.98,2.92
Feb-2024,963.44,Abr-2025,961.96,1038.42,998961.58,-1038.42,497.76,47.93
Feb-2024,963.44,May-2025,941.01,1038.42,977154.72,-22845.28,456.65,2.00
Feb-2024,963.44,Jun-2025,938.04,1038.42,974039.46,-25960.54,486.38,1.87
Feb-2024,963.44,Jul-2025,951.55,1038.42,988577.36,-11422.64,918.99,8.05
Feb-2024,963.44,Ago-2025,966.30,1038.42,1003115.26,3115.26,769.55,24.70
Feb-2024,963.44,Sep-2025,960.37,1038.42,996884.74,-3115.26,839.34,26.94
Feb-2024,963.44,Oct-2025,953.97,1038.42,990654.21,-9345.79,483.58,5.17
Feb-2024,963.44,Nov-2025,935.70,1038.42,971962.62,-28037.38,755.52,2.69
Feb-2024,963.44,Dic-2025,916.16,1038.42,951194.18,-48805.82,600.53,1.23
Mar-2024,967.93,Abr-2024,960.14,1033.06,991735.54,-8264.46,216.33,2.62
Mar-2024,967.93,May-2024,917.88,1033.06,948347.11,-51652.89,192.57,0.37
Mar-2024,967.93,Jun-2024,926.08,1033.06,956611.57,-43388.43,151.82,0.35
Mar-2024,967.93,Jul-2024,937.56,1033.06,969008.26,-30991.74,524.84,1.69
Mar-2024,967.93,Ago-2024,929.90,1033.06,960743.80,-39256.20,172.80,0.44
Mar-2024,967.93,Sep-2024,926.21,1033.06,956611.57,-43388.43,286.07,0.66
Mar-2024,967.93,Oct-2024,933.81,1033.06,964876.03,-35123.97,266.10,0.76
Mar-2024,967.93,Nov-2024,971.60,1033.06,1004132.23,4132.23,486.01,11.76
Mar-2024,967.93,Dic-2024,982.30,1033.06,1014462.81,14462.81,383.19,2.65
Mar-2024,967.93,Ene-2025,1000.76,1033.06,1033057.85,33057.85,859.24,2.60
Mar-2024,967.93,Feb-2025,956.62,1033.06,988636.36,-11363.64,464.22,4.09
Mar-2024,967.93,Mar-2025,932.55,1033.06,963842.98,-36157.02,534.80,1.48
Mar-2024,967.93,Abr-2025,961.96,1033.06,993801.65,-6198.35,113.20,1.83
Mar-2024,967.93,May-2025,941.01,1033.06,972107.44,-27892.56,80.63,0.29
Mar-2024,967.93,Jun-2025,938.04,1033.06,969008.26,-30991.74,111.40,0.36
Mar-2024,967.93,Jul-2025,951.55,1033.06,983471.07,-16528.93,536.22,3.24
Mar-2024,967.93,Ago-2025,966.30,1033.06,997933.88,-2066.12,381.99,18.49
Mar-2024,967.93,Sep-2025,960.37,1033.06,991735.54,-8264.46,453.81,5.49
Mar-2024,967.93,Oct-2025,953.97,1033.06,985537.19,-14462.81,102.27,0.71
Mar-2024,967.93,Nov-2025,935.70,1033.06,966942.15,-33057.85,379.95,1.15
Mar-2024,967.93,Dic-2025,916.16,1033.06,946280.99,-53719.01,233.69,0.44
Abr-2024,960.14,May-2024,917.88,1041.67,956250.00,-43750.00,264.45,0.60
Abr-2024,960.14,Jun-2024,926.08,1041.67,964583.33,-35416.67,223.97,0.63
Abr-2024,960.14,Jul-2024,937.56,1041.67,977083.33,-22916.67,601.02,2.62
Abr-2024,960.14,Ago-2024,929.90,1041.67,968750.00,-31250.00,245.43,0.79
Abr-2024,960.14,Sep-2024,926.21,1041.67,964583.33,-35416.67,359.35,1.01
Abr-2024,960.14,Oct-2024,933.81,1041.67,972916.67,-27083.33,339.82,1.25
Abr-2024,960.14,Nov-2024,971.60,1041.67,1012500.00,12500.00,564.47,4.52
Abr-2024,960.14,Dic-2024,982.30,1041.67,1022916.67,22916.67,461.56,2.01
Abr-2024,960.14,Ene-2025,1000.76,1041.67,1041666.67,41666.67,942.95,2.26
Abr-2024,960.14,Feb-2025,956.62,1041.67,996875.00,-3125.00,541.35,17.32
Abr-2024,960.14,Mar-2025,932.55,1041.67,971875.00,-28125.00,610.69,2.17
Abr-2024,960.14,Abr-2025,961.96,1041.67,1002083.33,2083.33,187.78,9.01
Abr-2024,960.14,May-2025,941.01,1041.67,980208.33,-19791.67,153.34,0.77
Abr-2024,960.14,Jun-2025,938.04,1041.67,977083.33,-22916.67,184.14,0.80
Abr-2024,960.14,Jul-2025,951.55,1041.67,991666.67,-8333.33,613.57,7.36
Abr-2024,960.14,Ago-2025,966.30,1041.67,1006250.00,6250.00,459.13,7.35
Abr-2024,960.14,Sep-2025,960.37,1041.67,1000000.00,0.00,531.08,456194458451556.94
Abr-2024,960.14,Oct-2025,953.97,1041.67,993750.00,-6250.00,176.15,2.82
Abr-2024,960.14,Nov-2025,935.70,1041.67,975000.00,-25000.00,454.77,1.82
Abr-2024,960.14,Dic-2025,916.16,1041.67,954166.67,-45833.33,305.77,0.67
May-2024,917.88,Jun-2024,926.08,1089.32,1008714.60,8714.60,219.01,2.51
May-2024,917.88,Jul-2024,937.56,1089.32,1021786.49,21786.49,613.11,2.81
May-2024,917.88,Ago-2024,929.90,1089.32,1013071.90,13071.90,241.39,1.85
May-2024,917.88,Sep-2024,926.21,1089.32,1008714.60,8714.60,360.58,4.14
May-2024,917.88,Oct-2024,933.81,1089.32,1017429.19,17429.19,340.03,1.95
May-2024,917.88,Nov-2024,971.60,1089.32,1058823.53,58823.53,574.34,0.98
May-2024,917.88,Dic-2024,982.30,1089.32,1069716.78,69716.78,466.55,0.67
May-2024,917.88,Ene-2025,1000.76,1089.32,1089324.62,89324.62,969.67,1.09
May-2024,917.88,Feb-2025,956.62,1089.32,1042483.66,42483.66,550.40,1.30
May-2024,917.88,Mar-2025,932.55,1089.32,1016339.87,16339.87,623.30,3.81
May-2024,917.88,Abr-2025,961.96,1089.32,1047930.28,47930.28,180.58,0.38
May-2024,917.88,May-2025,941.01,1089.32,1025054.47,25054.47,144.90,0.58
May-2024,917.88,Jun-2025,938.04,1089.32,1021786.49,21786.49,177.16,0.81
May-2024,917.88,Jul-2025,951.55,1089.32,1037037.04,37037.04,626.01,1.69
May-2024,917.88,Ago-2025,966.30,1089.32,1052287.58,52287.58,464.27,0.89
May-2024,917.88,Sep-2025,960.37,1089.32,1045751.63,45751.63,539.61,1.18
May-2024,917.88,Oct-2025,953.97,1089.32,1039215.69,39215.69,168.54,0.43
May-2024,917.88,Nov-2025,935.70,1089.32,1019607.84,19607.84,460.20,2.35
May-2024,917.88,Dic-2025,916.16,1089.32,997821.35,-2178.65,304.71,13.99
Jun-2024,926.08,Jul-2024,937.56,1079.91,1012958.96,12958.96,562.89,4.34
Jun-2024,926.08,Ago-2024,929.90,1079.91,1004319.65,4319.65,194.76,4.51
Jun-2024,926.08,Sep-2024,926.21,1079.91,1000000.00,-0.00,313.12,268964651404545.75
Jun-2024,926.08,Oct-2024,933.81,1079.91,1008639.31,8639.31,292.36,3.38
Jun-2024,926.08,Nov-2024,971.60,1079.91,1049676.03,49676.03,522.82,1.05
Jun-2024,926.08,Dic-2024,982.30,1079.91,1060475.16,60475.16,415.48,0.69
Jun-2024,926.08,Ene-2025,1000.76,1079.91,1079913.61,79913.61,913.40,1.14
Jun-2024,926.08,Feb-2025,956.62,1079.91,1033477.32,33477.32,499.81,1.49
Jun-2024,926.08,Mar-2025,932.55,1079.91,1007559.40,7559.40,573.23,7.58
Jun-2024,926.08,Abr-2025,961.96,1079.91,1038876.89,38876.89,132.94,0.34
Jun-2024,926.08,May-2025,941.01,1079.91,1016198.70,16198.70,98.58,0.61
Jun-2024,926.08,Jun-2025,938.04,1079.91,1012958.96,12958.96,130.70,1.01
Jun-2024,926.08,Jul-2025,951.55,1079.91,1028077.75,28077.75,575.00,2.05
Jun-2024,926.08,Ago-2025,966.30,1079.91,1043196.54,43196.54,413.99,0.96
Jun-2024,926.08,Sep-2025,960.37,1079.91,1036717.06,36717.06,488.97,1.33
Jun-2024,926.08,Oct-2025,953.97,1079.91,1030237.58,30237.58,121.40,0.40
Jun-2024,926.08,Nov-2025,935.70,1079.91,1010799.14,10799.14,411.40,3.81
Jun-2024,926.08,Dic-2025,916.16,1079.91,989200.86,-10799.14,258.21,2.39
Jul-2024,937.56,Ago-2024,929.90,1066.10,991471.22,-8528.78,571.92,6.71
Jul-2024,937.56,Sep-2024,926.21,1066.10,987206.82,-12793.18,687.13,5.37
Jul-2024,937.56,Oct-2024,933.81,1066.10,995735.61,-4264.39,669.90,15.71
Jul-2024,937.56,Nov-2024,971.60,1066.10,1036247.33,36247.33,912.93,2.52
Jul-2024,937.56,Dic-2024,982.30,1066.10,1046908.32,46908.32,811.05,1.73
Jul-2024,937.56,Ene-2025,1000.76,1066.10,1066098.08,66098.08,1309.94,1.98
Jul-2024,937.56,Feb-2025,956.62,1066.10,1020255.86,20255.86,884.09,4.36
Jul-2024,937.56,Mar-2025,932.55,1066.10,994669.51,-5330.49,946.78,17.76
Jul-2024,937.56,Abr-2025,961.96,1066.10,1025586.35,25586.35,523.96,2.05
Jul-2024,937.56,May-2025,941.01,1066.10,1003198.29,3198.29,481.47,15.05
Jul-2024,937.56,Jun-2025,938.04,1066.10,1000000.00,-0.00,511.95,439757752418231.44
Jul-2024,937.56,Jul-2025,951.55,1066.10,1014925.37,14925.37,956.28,6.41
Jul-2024,937.56,Ago-2025,966.30,1066.10,1029850.75,29850.75,803.04,2.69
Jul-2024,937.56,Sep-2025,960.37,1066.10,1023454.16,23454.16,874.61,3.73
Jul-2024,937.56,Oct-2025,953.97,1066.10,1017057.57,17057.57,509.29,2.99
Jul-2024,937.56,Nov-2025,935.70,1066.10,997867.80,-2132.20,788.23,36.97
Jul-2024,937.56,Dic-2025,916.16,1066.10,976545.84,-23454.16,628.84,2.68
Ago-2024,929.90,Sep-2024,926.21,1075.27,995698.92,-4301.08,332.83,7.74
Ago-2024,929.90,Oct-2024,933.81,1075.27,1004301.08,4301.08,312.34,7.26
Ago-2024,929.90,Nov-2024,971.60,1075.27,1045161.29,45161.29,542.68,1.20
Ago-2024,929.90,Dic-2024,982.30,1075.27,1055913.98,55913.98,436.03,0.78
Ago-2024,929.90,Ene-2025,1000.76,1075.27,1075268.82,75268.82,932.22,1.24
Ago-2024,929.90,Feb-2025,956.62,1075.27,1029032.26,29032.26,519.42,1.79
Ago-2024,929.90,Mar-2025,932.55,1075.27,1003225.81,3225.81,591.99,18.35
Ago-2024,929.90,Abr-2025,961.96,1075.27,1034408.60,34408.60,154.25,0.45
Ago-2024,929.90,May-2025,941.01,1075.27,1011827.96,11827.96,119.56,1.01
Ago-2024,929.90,Jun-2025,938.04,1075.27,1008602.15,8602.15,151.47,1.76
Ago-2024,929.90,Jul-2025,951.55,1075.27,1023655.91,23655.91,594.18,2.51
Ago-2024,929.90,Ago-2025,966.30,1075.27,1038709.68,38709.68,434.18,1.12
Ago-2024,929.90,Sep-2025,960.37,1075.27,1032258.06,32258.06,508.70,1.58
Ago-2024,929.90,Oct-2025,953.97,1075.27,1025806.45,25806.45,142.57,0.55
Ago-2024,929.90,Nov-2025,935.70,1075.27,1006451.61,6451.61,430.92,6.68
Ago-2024,929.90,Dic-2025,916.16,1075.27,984946.24,-15053.76,277.93,1.85
Sep-2024,926.21,Oct-2024,933.81,1079.91,1008639.31,8639.31,433.91,5.02
Sep-2024,926.21,Nov-2024,971.60,1079.91,1049676.03,49676.03,670.14,1.35
Sep-2024,926.21,Dic-2024,982.30,1079.91,1060475.16,60475.16,564.32,0.93
Sep-2024,926.21,Ene-2025,1000.76,1079.91,1079913.61,79913.61,1064.96,1.33
Sep-2024,926.21,Feb-2025,956.62,1079.91,1033477.32,33477.32,644.85,1.93
Sep-2024,926.21,Mar-2025,932.55,1079.91,1007559.40,7559.40,714.64,9.45
Sep-2024,926.21,Abr-2025,961.96,1079.91,1038876.89,38876.89,278.74,0.72
Sep-2024,926.21,May-2025,941.01,1079.91,1016198.70,16198.70,241.20,1.49
Sep-2024,926.21,Jun-2025,938.04,1079.91,1012958.96,12958.96,272.86,2.11
Sep-2024,926.21,Jul-2025,951.55,1079.91,1028077.75,28077.75,719.29,2.56
Sep-2024,926.21,Ago-2025,966.30,1079.91,1043196.54,43196.54,560.40,1.30
Sep-2024,926.21,Sep-2025,960.37,1079.91,1036717.06,36717.06,634.47,1.73
Sep-2024,926.21,Oct-2025,953.97,1079.91,1030237.58,30237.58,265.98,0.88
Sep-2024,926.21,Nov-2025,935.70,1079.91,1010799.14,10799.14,553.26,5.12
Sep-2024,926.21,Dic-2025,916.16,1079.91,989200.86,-10799.14,397.04,3.68
Oct-2024,933.81,Nov-2024,971.60,1070.66,1040685.22,40685.22,640.19,1.57
Oct-2024,933.81,Dic-2024,982.30,1070.66,1051391.86,51391.86,535.03,1.04
Oct-2024,933.81,Ene-2025,1000.76,1070.66,1070663.81,70663.81,1030.93,1.46
Oct-2024,933.81,Feb-2025,956.62,1070.66,1024625.27,24625.27,615.49,2.50
Oct-2024,933.81,Mar-2025,932.55,1070.66,998929.34,-1070.66,685.28,64.01
Oct-2024,933.81,Abr-2025,961.96,1070.66,1029978.59,29978.59,252.40,0.84
Oct-2024,933.81,May-2025,941.01,1070.66,1007494.65,7494.65,215.70,2.88
Oct-2024,933.81,Jun-2025,938.04,1070.66,1004282.66,4282.66,247.16,5.77
Oct-2024,933.81,Jul-2025,951.55,1070.66,1019271.95,19271.95,689.42,3.58
Oct-2024,933.81,Ago-2025,966.30,1070.66,1034261.24,34261.24,531.54,1.55
Oct-2024,933.81,Sep-2025,960.37,1070.66,1027837.26,27837.26,605.12,2.17
Oct-2024,933.81,Oct-2025,953.97,1070.66,1021413.28,21413.28,239.95,1.12
Oct-2024,933.81,Nov-2025,935.70,1070.66,1002141.33,2141.33,525.21,24.53
Oct-2024,933.81,Dic-2025,916.16,1070.66,980728.05,-19271.95,370.82,1.92
Nov-2024,971.60,Dic-2024,982.30,1028.81,1010288.07,10288.07,724.48,7.04
Nov-2024,971.60,Ene-2025,1000.76,1028.81,1028806.58,28806.58,1204.85,4.18
Nov-2024,971.60,Feb-2025,956.62,1028.81,984567.90,-15432.10,796.44,5.16
Nov-2024,971.60,Mar-2025,932.55,1028.81,959876.54,-40123.46,858.36,2.14
Nov-2024,971.60,Abr-2025,961.96,1028.81,989711.93,-10288.07,448.61,4.36
Nov-2024,971.60,May-2025,941.01,1028.81,968107.00,-31893.00,408.85,1.28
Nov-2024,971.60,Jun-2025,938.04,1028.81,965020.58,-34979.42,438.44,1.25
Nov-2024,971.60,Jul-2025,951.55,1028.81,979423.87,-20576.13,866.40,4.21
Nov-2024,971.60,Ago-2025,966.30,1028.81,993827.16,-6172.84,717.70,11.63
Nov-2024,971.60,Sep-2025,960.37,1028.81,987654.32,-12345.68,787.12,6.38
Nov-2024,971.60,Oct-2025,953.97,1028.81,981481.48,-18518.52,434.93,2.35
Nov-2024,971.60,Nov-2025,935.70,1028.81,962962.96,-37037.04,705.19,1.90
Nov-2024,971.60,Dic-2025,916.16,1028.81,942386.83,-57613.17,552.55,0.96
Dic-2024,982.30,Ene-2025,1000.76,1018.33,1018329.94,18329.94,1084.35,5.92
Dic-2024,982.30,Feb-2025,956.62,1018.33,974541.75,-25458.25,684.75,2.69
Dic-2024,982.30,Mar-2025,932.55,1018.33,950101.83,-49898.17,748.64,1.50
Dic-2024,982.30,Abr-2025,961.96,1018.33,979633.40,-20366.60,339.92,1.67
Dic-2024,982.30,May-2025,941.01,1018.33,958248.47,-41751.53,302.84,0.73
Dic-2024,982.30,Jun-2025,938.04,1018.33,955193.48,-44806.52,332.45,0.74
Dic-2024,982.30,Jul-2025,951.55,1018.33,969450.10,-30549.90,754.54,2.47
Dic-2024,982.30,Ago-2025,966.30,1018.33,983706.72,-16293.28,605.83,3.72
Dic-2024,982.30,Sep-2025,960.37,1018.33,977596.74,-22403.26,675.20,3.01
Dic-2024,982.30,Oct-2025,953.97,1018.33,971486.76,-28513.24,327.25,1.15
Dic-2024,982.30,Nov-2025,935.70,1018.33,953156.82,-46843.18,596.70,1.27
Dic-2024,982.30,Dic-2025,916.16,1018.33,932790.22,-67209.78,447.78,0.67
Ene-2025,1000.76,Feb-2025,956.62,1000.00,957000.00,-43000.00,1106.92,2.57
Ene-2025,1000.76,Mar-2025,932.55,1000.00,933000.00,-67000.00,1158.76,1.73
Ene-2025,1000.76,Abr-2025,961.96,1000.00,962000.00,-38000.00,770.57,2.03
Ene-2025,1000.76,May-2025,941.01,1000.00,941000.00,-59000.00,724.62,1.23
Ene-2025,1000.76,Jun-2025,938.04,1000.00,938000.00,-62000.00,752.34,1.21
Ene-2025,1000.76,Jul-2025,951.55,1000.00,952000.00,-48000.00,1173.18,2.44
Ene-2025,1000.76,Ago-2025,966.30,1000.00,966000.00,-34000.00,1033.51,3.04
Ene-2025,1000.76,Sep-2025,960.37,1000.00,960000.00,-40000.00,1098.90,2.75
Ene-2025,1000.76,Oct-2025,953.97,1000.00,954000.00,-46000.00,754.49,1.64
Ene-2025,1000.76,Nov-2025,935.70,1000.00,936000.00,-64000.00,1010.92,1.58
Ene-2025,1000.76,Dic-2025,916.16,1000.00,916000.00,-84000.00,855.60,1.02
Feb-2025,956.62,Mar-2025,932.55,1044.93,974921.63,-25078.37,857.72,3.42
Feb-2025,956.62,Abr-2025,961.96,1044.93,1005224.66,5224.66,441.11,8.44
Feb-2025,956.62,May-2025,941.01,1044.93,983281.09,-16718.91,401.04,2.40
Feb-2025,956.62,Jun-2025,938.04,1044.93,980146.29,-19853.71,431.14,2.17
Feb-2025,956.62,Jul-2025,951.55,1044.93,994775.34,-5224.66,865.60,16.57
Feb-2025,956.62,Ago-2025,966.30,1044.93,1009404.39,9404.39,714.35,7.60
Feb-2025,956.62,Sep-2025,960.37,1044.93,1003134.80,3134.80,784.95,25.04
Feb-2025,956.62,Oct-2025,953.97,1044.93,996865.20,-3134.80,427.34,13.63
Feb-2025,956.62,Nov-2025,935.70,1044.93,978056.43,-21943.57,702.10,3.20
Feb-2025,956.62,Dic-2025,916.16,1044.93,957157.78,-42842.22,547.37,1.28
Mar-2025,932.55,Abr-2025,961.96,1071.81,1031082.53,31082.53,540.42,1.74
Mar-2025,932.55,May-2025,941.01,1071.81,1008574.49,8574.49,497.40,5.80
Mar-2025,932.55,Jun-2025,938.04,1071.81,1005359.06,5359.06,528.00,9.85
Mar-2025,932.55,Jul-2025,951.55,1071.81,1020364.42,20364.42,974.92,4.79
Mar-2025,932.55,Ago-2025,966.30,1071.81,1035369.77,35369.77,821.06,2.32
Mar-2025,932.55,Sep-2025,960.37,1071.81,1028938.91,28938.91,892.93,3.09
Mar-2025,932.55,Oct-2025,953.97,1071.81,1022508.04,22508.04,525.56,2.34
Mar-2025,932.55,Nov-2025,935.70,1071.81,1003215.43,3215.43,805.75,25.06
Mar-2025,932.55,Dic-2025,916.16,1071.81,981779.21,-18220.79,645.22,3.54
Abr-2025,961.96,May-2025,941.01,1039.50,978170.48,-21829.52,51.07,0.23
Abr-2025,961.96,Jun-2025,938.04,1039.50,975051.98,-24948.02,82.12,0.33
Abr-2025,961.96,Jul-2025,951.55,1039.50,989604.99,-10395.01,509.15,4.90
Abr-2025,961.96,Ago-2025,966.30,1039.50,1004158.00,4158.00,353.51,8.50
Abr-2025,961.96,Sep-2025,960.37,1039.50,997921.00,-2079.00,425.96,20.49
Abr-2025,961.96,Oct-2025,953.97,1039.50,991683.99,-8316.01,72.42,0.87
Abr-2025,961.96,Nov-2025,935.70,1039.50,972972.97,-27027.03,352.41,1.30
Abr-2025,961.96,Dic-2025,916.16,1039.50,952182.95,-47817.05,205.88,0.43
May-2025,941.01,Jun-2025,938.04,1062.70,996811.90,-3188.10,53.10,1.67
May-2025,941.01,Jul-2025,951.55,1062.70,1011689.69,11689.69,489.19,4.18
May-2025,941.01,Ago-2025,966.30,1062.70,1026567.48,26567.48,329.62,1.24
May-2025,941.01,Sep-2025,960.37,1062.70,1020191.29,20191.29,403.89,2.00
May-2025,941.01,Oct-2025,953.97,1062.70,1013815.09,13815.09,42.66,0.31
May-2025,941.01,Nov-2025,935.70,1062.70,994686.50,-5313.50,329.48,6.20
May-2025,941.01,Dic-2025,916.16,1062.70,973432.52,-26567.48,180.35,0.68
Jun-2025,938.04,Jul-2025,951.55,1066.10,1014925.37,14925.37,523.25,3.51
Jun-2025,938.04,Ago-2025,966.30,1066.10,1029850.75,29850.75,363.65,1.22
Jun-2025,938.04,Sep-2025,960.37,1066.10,1023454.16,23454.16,437.95,1.87
Jun-2025,938.04,Oct-2025,953.97,1066.10,1017057.57,17057.57,75.35,0.44
Jun-2025,938.04,Nov-2025,935.70,1066.10,997867.80,-2132.20,362.48,17.00
Jun-2025,938.04,Dic-2025,916.16,1066.10,976545.84,-23454.16,212.19,0.90
Jul-2025,951.55,Ago-2025,966.30,1050.42,1014705.88,14705.88,794.90,5.41
Jul-2025,951.55,Sep-2025,960.37,1050.42,1008403.36,8403.36,865.39,10.30
Jul-2025,951.55,Oct-2025,953.97,1050.42,1002100.84,2100.84,505.42,24.06
Jul-2025,951.55,Nov-2025,935.70,1050.42,983193.28,-16806.72,780.19,4.64
Jul-2025,951.55,Dic-2025,916.16,1050.42,962184.87,-37815.13,623.07,1.65
Ago-2025,966.30,Sep-2025,960.37,1035.20,993788.82,-6211.18,691.41,11.13
Ago-2025,966.30,Oct-2025,953.97,1035.20,987577.64,-12422.36,337.66,2.72
Ago-2025,966.30,Nov-2025,935.70,1035.20,968944.10,-31055.90,611.48,1.97
Ago-2025,966.30,Dic-2025,916.16,1035.20,948240.17,-51759.83,460.00,0.89
Sep-2025,960.37,Oct-2025,953.97,1041.67,993750.00,-6250.00,414.11,6.63
Sep-2025,960.37,Nov-2025,935.70,1041.67,975000.00,-25000.00,688.24,2.75
Sep-2025,960.37,Dic-2025,916.16,1041.67,954166.67,-45833.33,534.25,1.17
Oct-2025,953.97,Nov-2025,935.70,1048.22,981132.08,-18867.92,345.42,1.83
Oct-2025,953.97,Dic-2025,916.16,1048.22,960167.71,-39832.29,197.88,0.50
Nov-2025,935.70,Dic-2025,916.16,1068.38,978632.48,-21367.52,484.68,2.27
